id,title,synopsis
24,Twelve Monkeys,"in the year 2035, convict james cole reluctantly volunteers to be sent back in time to discover the origin of a deadly virus that wiped out nearly all of the earth's population and forced the survivors into underground communities. but when cole is mistakenly sent to 1990 instead of 1996, he's arrested and locked up in a mental hospital. there he meets psychiatrist dr. kathryn railly, and patient jeffrey goines, the son of a famous virus expert, who may hold the key to the mysterious rogue group, the army of the 12 monkeys, thought to be responsible for unleashing the killer disease."
34,Mars Attacks!,"'we come in peace' is not what those green men from mars mean when they invade our planet, armed with irresistible weapons and a cruel sense of humor.  this star studded cast must play victim to the alien’s fun and games in this comedy homage to science fiction films of the '50s and '60s."
37,Blade Runner,"in the smog-choked dystopian los angeles of 2019, blade runner rick deckard is called out of retirement to terminate a quartet of replicants who have escaped to earth seeking their creator for a way to extend their short life spans."
49,Armageddon,"when an asteroid threatens to collide with earth, nasa honcho dan truman determines the only way to stop it is to drill into its surface and detonate a nuclear bomb. this leads him to renowned driller harry stamper, who agrees to helm the dangerous space mission provided he can bring along his own hotshot crew. among them is the cocksure a.j. who harry thinks isn't good enough for his daughter, until the mission proves otherwise."
68,The Lord of the Rings,the fellowship of the ring embark on a journey to destroy the one ring and end sauron's reign over middle-earth.
81,Star Trek: The Motion Picture,"when a destructive space entity is spotted approaching earth, admiral kirk resumes command of the starship enterprise in order to intercept, examine, and hopefully stop it."
83,Star Trek II: The Wrath of Khan,"it is the 23rd century. the federation starship u.s.s. enterprise™ is on routine training maneuvers and admiral james t. kirk (william shatner) seems resigned to the fact that this inspection may well be the last space mission of his career. but khan is back. aided by his exiled band of genetic supermen, khan (ricardo montalban) - brilliant renegade of 20th century earth - has raided space station regula one, stolen a top secret device called project genesis, wrested control of another federation starship and sets out in pursuit of the enterprise, determined to let nothing stand in the way of his mission: kill admiral kirk... even if it means universal armageddon."
85,Star Trek III: The Search for Spock,admiral kirk and his bridge crew risk their careers stealing the decommissioned enterprise to return to the restricted genesis planet to recover spock's body.
91,K-PAX,"prot is a patient at a mental hospital who claims to be from a far away planet. his psychiatrist tries to help him, only to begin to doubt his own explanations."
92,Star Trek IV: The Voyage Home,"it's the 23rd century, and a mysterious alien power is threatening earth by evaporating the oceans and destroying the atmosphere. in a frantic attempt to save mankind, kirk and his crew must time travel back to 1986 san francisco where they find a world of punk, pizza and exact-change buses that are as alien as anything they've ever encountered in the far reaches of the galaxy. a thrilling, action-packed star trek adventure!"
95,Star Trek V: The Final Frontier,"the crew of the federation starship enterprise is called to nimbus iii, the planet of intergalactic peace. they are to negotiate in a case of kidnapping only to find out that the kidnapper is a relative of spock. this man is possessed by his life long search for the planet shaka-ri which is supposed to be the source of all life. together they begin to search for this mysterious planet."
116,Star Trek: First Contact,"the borg, a relentless race of cyborgs, are on a direct course for earth. violating orders to stay away from the battle, captain picard and the crew of the newly-commissioned uss enterprise e pursue the borg back in time to prevent the invaders from changing federation history and assimilating the galaxy."
117,Star Trek: Insurrection,"when an alien race and factions within starfleet attempt to take over a planet that has ""regenerative"" properties, it falls upon captain picard and the crew of the enterprise to defend the planet's people as well as the very ideals upon which the federation itself was founded."
118,Star Trek: Nemesis,"en route to the honeymoon of william riker to deanna troi on her home planet of betazed, captain jean-luc picard and the crew of the u.s.s. enterprise receives word from starfleet that a coup has resulted in the installation of a new romulan political leader, shinzon, who claims to seek peace with the human-backed united federation of planets. once in enemy territory, the captain and his crew make a startling discovery: shinzon is human, a slave from the romulan sister planet of remus, and has a secret, shocking relationship to picard himself."
170,Pirates of the Caribbean: At World's End,"captain barbossa, long believed to be dead, has come back to life and is headed to the edge of the earth with will turner and elizabeth swann. but nothing is quite as it seems."
179,Terminator 3: Rise of the Machines,"it's been 10 years since john connor saved earth from judgment day, and he's now living under the radar, steering clear of using anything skynet can trace. that is, until he encounters t-x, a robotic assassin ordered to finish what t-1000 started. good thing connor's former nemesis, the terminator, is back to aid the now-adult connor … just like he promised."
211,Alien,"during its return to the earth, commercial spaceship nostromo intercepts a distress signal from a distant planet. when a three-member team of the crew discovers a chamber containing thousands of eggs on the planet, a creature inside one of the eggs attacks an explorer. the entire crew is unaware of the impending nightmare set to descend upon them when the alien parasite planted inside its unfortunate host is birthed."
225,AVP: Alien vs. Predator,"when scientists discover something in the arctic that appears to be a buried pyramid, they send a research team out to investigate. little do they know that they are about to step into a hunting ground where aliens are grown as sport for the predator race."
295,A Grand Day Out,"wallace and gromit have run out of cheese and this provides an excellent excuse for the animated duo to take their holiday on the moon, where, as everyone knows, there is ample cheese. the moon is inhabited by a mechanical caretaker, who is not too happy about the two visitors from earth that nibble on the moon."
325,Apollo 13,"the true story of technical troubles that scuttle the apollo 13 lunar mission in 1970, risking the lives of astronaut jim lovell and his crew, with the failed journey turning into a thrilling saga of heroism. drifting more than 200,000 miles from earth, the astronauts work furiously with the ground crew to avert tragedy."
350,E.T. the Extra-Terrestrial,"after a gentle alien becomes stranded on earth, the being is discovered and befriended by a young boy named elliott. bringing the extraterrestrial into his suburban california house, elliott introduces e.t., as the alien is dubbed, to his brother and his little sister, gertie, and the children decide to keep its existence a secret. soon, however, e.t. falls ill, resulting in government intervention and a dire situation for both elliott and the alien."
351,Independence Day,"on july 2, a giant alien mothership enters orbit around earth and deploys several dozen saucer-shaped 'destroyer' spacecraft that quickly lay waste to major cities around the planet. on july 3, the united states conducts a coordinated counterattack that fails. on july 4, a plan is devised to gain access to the interior of the alien mothership in space, in order to plant a nuclear missile."
352,The Matrix,"set in the 22nd century, the matrix tells the story of a computer hacker who joins a group of underground insurgents fighting the vast and powerful computers who now rule the earth."
357,Men in Black II,"kay and jay reunite to provide our best, last and only line of defense against a sinister seductress who levels the toughest challenge yet to the mib's untarnished mission statement – protecting earth from the scum of the universe. it's been four years since the alien-seeking agents averted an intergalactic disaster of epic proportions. now it's a race against the clock as jay must convince kay – who not only has absolutely no memory of his time spent with the mib, but is also the only living person left with the expertise to save the galaxy – to reunite with the mib before the earth submits to ultimate destruction."
408,Aliens,"when ripley's lifepod is found by a salvage crew over 50 years later, she finds that terra-formers are on the very planet they found the alien species. when the company sends a family of colonists out to investigate her story—all contact is lost with the planet and colonists. they enlist ripley and the colonial marines to return and search for answers."
421,Moonraker,"after drax industries' moonraker space shuttle is hijacked, secret agent james bond is assigned to investigate, traveling to california to meet the company's owner, the mysterious hugo drax. with the help of scientist dr. holly goodhead, bond soon uncovers drax's nefarious plans for humanity, all the while fending off an old nemesis, jaws, and venturing to venice, rio, the amazon...and outer space."
432,GoldenEye,"when a powerful satellite system falls into the hands of alec trevelyan, aka agent 006, a former ally-turned-enemy, only james bond can save the world from an awesome space weapon that -- in one short pulse -- could destroy the earth! as bond squares off against his former compatriot, he also battles trevelyan's stunning ally, xenia onatopp, an assassin who uses pleasure as her ultimate weapon."
463,Gattaca,"in a future society in the era of indefinite eugenics, humans are set on a life course depending on their dna. young vincent freeman is born with a condition that would prevent him from space travel, yet is determined to infiltrate the gattaca space program."
473,City of Angels,"when guardian angel seth - who invisibly watches over the citizens of los angeles - becomes captivated by maggie, a strong-willed heart surgeon, he ponders trading in his pure, otherworldly existence for a mortal life with his beloved. the couple embarks on a tender but forbidden romance spanning heaven and earth."
484,Silent Running,"in a future earth barren of all flora and fauna, the planet's ecosystems exist only in large pods attached to spacecraft. when word comes in that the pods are to be jettisoned into space and destroyed so that the spacecraft can be reused for commercial purposes, most of the crew of the valley forge rejoice at the prospect of going home. not so for botanist freeman lowell who loves the forest and its creatures, so decides to take matters into his own hands to protect what he loves."
498,The Day the Earth Stood Still,an alien and a robot land on earth after world war ii and tell mankind to be peaceful or face destruction.
500,Forbidden Planet,"starship c57d travels to planet altair 4 in search of the crew of spaceship ""bellerophon,"" a scientific expedition that has been missing for 20 years, only to find themselves unwelcome by the expedition's lone survivor and warned of destruction by an invisible force if they don't turn back immediately."
501,This Island Earth,"aliens have landed and are hiding on earth, but need earth’s scientists to help them fight an inter-planetary war."
510,The X Files,"mulder and scully, now taken off the fbi's x files cases, must find a way to fight the shadowy elements of the government to find out the truth about a conspiracy that might mean the alien colonization of earth."
513,Krull,a prince and a fellowship of companions set out to rescue his bride from a fortress of alien invaders who have arrived on their home planet.
531,Planet of the Apes,"after a spectacular crash-landing on an uncharted planet, brash astronaut leo davidson finds himself trapped in a savage world where talking apes dominate the human race. desperate to find a way home, leo must evade the invincible gorilla army led by ruthless general thade."
532,Planet of the Apes,"an  u.s. spaceship lands on a desolate planet, stranding astronaut taylor in a world dominated by apes, 2000 years into the future, who use a primitive race of humans for experimentation and sport. soon taylor finds himself among the hunted, his life in the hands of a benevolent chimpanzee scientist."
569,Galaxy Quest,"for four years, the courageous crew of the nsea protector - ""commander peter quincy taggart"" (tim allen), ""lt. tawny madison (sigourney weaver) and ""dr.lazarus"" (alan rickman) - set off on a thrilling and often dangerous mission in space...and then their series was cancelled! now, twenty years later, aliens under attack have mistaken the galaxy quest television transmissions for ""historical documents"" and beam up the crew of has-been actors to save the universe. with no script, no director and no clue, the actors must turn in the performances of their lives."
586,Ice Age: The Meltdown,"diego, manny and sid return in this sequel to the hit animated movie ice age. this time around, the deep freeze is over, and the ice-covered earth is starting to melt, which will destroy the trio's cherished valley. the impending disaster prompts them to reunite and warn all the other beasts about the desperate situation."
592,Spaceballs,"when the nefarious dark helmet hatches a plan to snatch princess vespa and steal her planet's air, space-bum-for-hire lone starr and his clueless sidekick fly to the rescue. along the way, they meet yogurt, who puts lone starr wise to the power of ""the schwartz."" can he master it in time to save the day?"
616,The Man Who Fell to Earth,"thomas jerome newton is an alien who has come to earth in search of water to save his home planet. aided by lawyer oliver farnsworth, thomas uses his knowledge of advanced technology to create profitable inventions. while developing a method to transport water, thomas meets mary-lou, a quiet hotel clerk, and begins to fall in love with her. just as he is ready to leave earth, thomas is intercepted by the u.s. government, and his entire plan is threatened."
662,Sunshine,"fifty years into the future, the sun is dying, and earth is threatened by arctic temperatures. a team of astronauts is sent to revive the sun — but the mission fails. seven years later, a new team is sent to finish the mission as mankind’s last hope."
677,Rambo: First Blood Part II,john rambo is released from prison by the government for a top-secret covert mission to the last place on earth he'd want to return - the jungles of vietnam.
700,Dark Star,"a low-budget, sci-fi satire that focuses on a group of scientists whose mission is to destroy unstable planets. 20 years into their mission, they have battle their alien mascot, that resembles a beach ball, as well as a ""sensitive"" and intelligent bombing device that starts to question the meaning of its existence."
721,Superman Returns,"superman returns to discover his 5-year absence has allowed lex luthor to walk free, and that those he was closest to felt abandoned and have moved on. luthor plots his ultimate revenge that could see millions killed and change the face of the planet forever, as well as ridding himself of the man of steel."
726,Begotten,"begotten is the creation myth brought to life, the story of no less than the violent death of god and the (re)birth of nature on a barren earth."
729,Gears of War,"on the planet sera, a former p.o.w. is civilization's best hope in their fight against the locust horde, a race of creatures who emerged from underneath the planet's surface, intent on eliminating humankind."
762,Resident Evil: Apocalypse,"as the city is locked down under quarantine, alice finds out that the people that died from the previous incident at the umbrella corporation have turned into zombies. she then joins a small band of elite soldiers, who are enlisted to rescue the missing daughter of the creator of the mutating t-virus.  once lack of luck and resources happen, they begin to wage an exhilarating battle to survive and escape before the umbrella corporation erases its experiment from the face of the earth."
797,The Island,"in 2019, lincoln six-echo is a resident of a seemingly ""utopian"" but contained facility. like all of the inhabitants of this carefully-controlled environment, lincoln hopes to be chosen to go to the island — reportedly the last uncontaminated location on the planet. but lincoln soon discovers that everything about his existence is a lie."
821,Beneath the Planet of the Apes,"during a rescue mission to locate missing astronaut george taylor, john brent crash lands on the planet of the apes. brent, along with taylor's companion, find he has disappeared into an underground city known as the forbidden zone, and they attempt to track him down."
834,Battle for the Planet of the Apes,"the fifth and final episode in the planet of the apes series. after the collapse of human civilization, a community of intelligent apes led by caesar lives in harmony with a group of humans. gorilla general aldo tries to cause an ape civil war and a community of human mutants who live beneath a destroyed city try to conquer those whom they perceive as enemies. all leading to the finale."
845,The Incredible Hulk,"scientist bruce banner scours the planet for an antidote to the unbridled force of rage within him: the hulk. but when the military masterminds who dream of exploiting his powers force him back to civilization, he finds himself coming face to face with a new, deadly foe."
908,The Transformers: The Movie,"the autobots must stop a colossal planet-consuming robot who goes after the autobot matrix of leadership. at the same time, they must defend themselves against an all-out attack from the decepticons."
920,Doctor Mordrid,"an unspeakable evil has come into our dimension and wants to rule over earth, and only a mysterious sorceror known as doctor mordrid can stop him."
949,Superman,"mild-mannered clark kent works as a reporter at the daily planet alongside his crush, lois lane. clark must summon his superhero alter-ego when the nefarious lex luthor launches a plan to take over the world."
1036,Mission to Mars,"when contact is lost with the crew of the first mars expedition, a rescue mission is launched to discover their fate."
1059,Tycus,an underground city is built to save a cross-section of humanity as a comet hurtles toward earth.
1063,Solar Crisis,a huge solar flare is predicted to fry the earth. astronauts aboard the spaceship helios must go to the sun to drop a bomb equipped with an artificial intelligence (freddy) and a japanese pilot (as a back up if the artificial intelligence fail) at the right time so the flare will point somewhere else.
1064,Solaris,a troubled psychologist is sent to investigate the crew of an isolated research station orbiting a bizarre planet.
1071,Final Fantasy: The Spirits Within,"led by a strange dream, scientist aki ross struggles to collect the eight spirits in the hope of creating a force powerful enough to protect the planet. with the aid of the deep eyes squadron and her mentor, dr. sid, aki must save the earth from its darkest hate and unleash the spirits within."
1097,The Dark Side of The Moon,"it is the year 2022. a mysterious systems failure causes the crew of a spaceship to be stranded on the dark side of the moon, while rapidly running out of fuel and oxygen. they are surprised to discover a nasa space shuttle floating in space, and board it in the hope of salvaging some supplies. one by one, the crew is possessed and killed, and it is up to paxton warner to find the links between the dark side of the moon, the bermuda triangle, and the devil himself."
1100,Lost in Space,"the prospects for continuing life on earth in the year 2058 are grim. so the robinsons are launched into space to colonize alpha prime, the only other inhabitable planet in the galaxy. but when a stowaway sabotages the mission, the robinsons find themselves hurtling through uncharted space."
1105,Stargate,"an interstellar teleportation device, found in egypt, leads to a planet with humans resembling ancient egyptians who worship the god ra."
1109,Wet Hot American Summer,"the setting is camp firewood, the year 1981. it's the last day before everyone goes back to the real world, but there's still a summer's worth of unfinished business to resolve. at the center of the action is camp director beth, who struggles to keep order while she falls in love with the local astrophysics professor. he is busy trying to save the camp from a deadly piece of nasa's skylab which is hurtling toward earth. all that, plus: a dangerous waterfall rescue, love triangles, misfits, cool kids, and talking vegetable cans. the questions will all be resolved, of course, at the big talent show at the end of the day."
1119,Stranded,"a team of astronauts on the first mission to mars crashes onto the surface, losing contact with earth. with no other recourse, and help millions of miles away, the crew is forced to make desperate choices in order to stay alive. will they be able to survive as the minutes slip away?"
1158,Space Jam,"swackhammer, an evil alien theme park owner, needs a new attraction at moron mountain. when his gang, the nerdlucks, heads to earth to kidnap bugs bunny and the looney tunes, bugs challenges them to a basketball game to determine their fate. the aliens agree, but they steal the powers of nba basketball players, including larry bird and charles barkley -- so bugs gets some help from superstar michael jordan."
1185,Fallout,nasa and its soviet-russian counterpart prepare another mission to the permanent space station.
1212,Short Circuit,"after a lightning bolt zaps a robot named number 5, the lovable machine starts to think he's human and escapes the lab. hot on his trail is his designer, newton, who hopes to get to number 5 before the military does. in the meantime, a spunky animal lover mistakes the robot for an alien and takes him in, teaching her new guest about life on earth."
1239,Airplane II: The Sequel,"a faulty computer causes a passenger space shuttle to head straight for the sun, and man-with-a-past, ted striker must save the day and get the shuttle back on track – again – all the while trying to patch up his relationship with elaine."
1274,Pitch Black,"when their ship crash-lands on a remote planet, the marooned passengers soon learn that escaped convict riddick isn't the only thing they have to fear. deadly creatures lurk in the shadows, waiting to attack in the dark, and the planet is rapidly plunging into the utter blackness of a total eclipse. with the body count rising, the doomed survivors are forced to turn to riddick with his eerie eyes to guide them through the darkness to safety. with time running out, there's only one rule: stay in the light."
1300,Moon 44,"year 2038: the mineral resources of the earth are drained, in space there are fights for the last deposits on other planets and satellites. this is the situation when one of the bigger mining corporations has lost all but one mineral moons and many of their fully automatic mining robots are disappearing on their flight home. since nobody else wants the job, they send prisoners to defend the mining station. among them undercover agent stone, who shall clear the whereabouts of the expensive robots. in an atmosphere of corruption, fear and hatred he gets between the fronts of rivaling groups."
1427,Frankenstein Island,"a hot air balloon crew and a dog find themselves on an island with scantily-clad part-alien women, zombies, and other monsters."
1428,Frankenstein Meets the Space Monster,"when an atomic war on mars destroys the planet's women, it's up to martian princess marcuzan and her right-hand man dr. nadir to travel to earth and kidnap women for new breeding stock. landing in puerto rico, they shoot down a nasa space capsule manned by an android. with his electronic brain damaged, the android terrorizes the island while the martians raid beaches and pool parties"
1477,The Castle of Fu Manchu,"the evil mastermind fu manchu plots his latest scheme to basically freeze over the earth's oceans with his diabolical new device. opposing him is his arch-nemesis, interpol's very british dr. nayland smith."
1519,One Million Years B.C.,"as the earth wrestles with its agonising birth, the peoples of this barren and desolate world struggle to survive. driven by animal instinct they compete against the harsh conditions, their giant predators, and warring tribes. when two people from opposing clans fall in love, existing conventions are shattered forever as each tribe struggles for supremacy and man embarks on his tortuous voyage of civilisation."
1530,Flash Gordon,a football player and his friends travel to the planet mongo and find themselves fighting the tyrant—ming the merciless—to save earth.
1532,Flash Gordon,three earthlings visit the planet mongo to thwart the evil schemes of emperor ming the merciless.
1535,Flash Gordon: The Greatest Adventure of All,"flash gordon, dale arden and dr. hans zarkov travel to the planet mongo to fight the evil emperor ming the merciless."
1539,Flash Gordon in Space,"1967 is the year of ""baytekin fezada çarpışanlar / flash gordon - battle in space"" in which director şinasi özonuk tries hardly,despite a very low budget,to come up with a space opera."
1540,Flesh Gordon,"emperor wang (the perverted) is leader of the planet porno and sends his mighty ""sex ray"" towards earth, turning everyone into sex-mad fiends. only one man can save the earth, football player flesh gordon. along with his girlfriend dale ardor and professor flexi-jerkoff, they set off towards the source of the sex ray, unaware of the perils that face them!"
1541,Flesh Gordon meets the Cosmic Cheerleaders,"space-faring hero and galactically-renowned stud flesh gordon is kidnapped by a group of space cheerleaders hoping to use him to save their planet. a being simply known as evil presence has been rendering the men of their world impotent, and the women are desperate for some form of relief. flesh's girlfriend ardor, meanwhile, is following behind to try to keep him out of trouble, but soon finds herself kidnapped by evil presence's henchman who has plans of his own. can flesh get the men of this planet standing tall once again?"
1548,Buck Rogers in the 25th Century,"a signal from buddy deering on mars warns earth that the tiger men of mars and their cruel king have broken their treaty and are attacking. buck rogers and wilma deering go to rendezvous with the earth battlefleet before setting off to fight the tigerships. baldpated genius inventor dr. huer uses the ""cosmic radiotelevision"" to watch the space battle. which side will be victorious? the tigerships and their paralysis ray? or our earth forces, armed with the flash ray and dr. huer's new magnetic ray?"
1549,Buck Rogers in the 25th Century,"capt. william ""buck"" rogers is a jovial space cowboy who is accidentally time-warped from 1987 to 2491. earth is engaged in interplanetary war following a global holocaust, and buck's piloting skills make him an ideal starfighter recruit for the earth defense directorate, where his closest colleagues are dr. huer (tim o'connor), squadron leader col. wilma deering (former model erin gray), the wisecracking robot twiki (voiced by cartoon legend mel blanc), and a portable computer-brain named dr. theopolis."
1644,Millennium,an investigator seeking the cause of an airline disaster discovers the involvement of an organisation of time travellers from a future earth irreparably polluted who seek to rejuvenate the human race from those about to die in the past. based on a novel by john varley.
1668,2010,"while planet earth poises on the brink of nuclear self-destruction, a team of russian and american scientists aboard the leonov hurtles to a rendezvous with the still-orbiting discovery spacecraft and its sole known survivor, the homicidal computer hal."
1673,Witchery,"the deserted island hotel hides a dark and sinister secret. hundreds of years ago a witch held sway there, dominating her coven and spreading an evil that has seeped deep into the earth. two centuries later, a photographer and his virginal fiance sneak onto the island to research its gruesome history. soon all will find themselves falling victim to a horror that has survived the ages...."
1715,Absolon,"in the near future, a virus has infected everyone on the planet, and absolon is a drug that everyone must take to stay alive. one corporation controls the drug. murchison is the leader of this firm. a scientist who was researching the virus is found murdered, and norman scott is the policeman who investigates the crime."
1757,The Invasion,"washington, d.c. psychologist carol bennell and her colleague dr. ben driscoll are the only two people on earth who are aware of an epidemic running rampant through the city. they discover an alien virus aboard a crashed space shuttle that transforms anyone who comes into contact with it into unfeeling drones while they sleep. carol realizes her son holds the key to stopping the spread of the plague and she races to find him before it is too late."
1806,Impostor,a top-secret government weapons designer is arrested by a clandestine government organization on suspicion of being a clone created by the hostile alien race wanting to take over earth.
1916,Battlefield Earth,"in the year 3000, man is no match for the psychlos, a greedy, manipulative race of aliens on a quest for ultimate profit. led by the powerful terl, the psychlos are stripping earth clean of its natural resources, using the broken remnants of humanity as slaves. what is left of the human race has descended into a near primitive state. after being captured, it is up to tyler to save mankind."
1937,Space Cowboys,"frank corvin, ‘hawk’ hawkins, jerry o'neill and ‘tank’ sullivan were hotdog members of project daedalus, the air force's test program for space travel, but their hopes were dashed in 1958 with the formation of nasa and the use of trained chimps. they blackmail their way into orbit when russia's mysterious ‘ikon’ communications satellite's orbit begins to degrade and threatens to crash to earth."
2139,Star Command,"a bunch of young and impulsive space cadets make their first real flight in space and realize that the attack they suffered wasn't a training mission. they face the enemy alone and have the chance to save the world, and maybe to prevent the war? can the cadets conquer the more experienced, stronger and much more evil enemy? (written by peter 'grin' gervai  )"
2189,Zathura: A Space Adventure,"after their father is called into work, two young boys, walter and danny, are left in the care of their teenage sister, lisa, and told they must stay inside. walter and danny, who anticipate a boring day, are shocked when they begin playing zathura, a space-themed board game, which they realize has mystical powers when their house is shot into space. with the help of an astronaut, the boys attempt to return home."
2195,Evil Alien Conquerors,inept beings from the planet kabijj land on earth and attempt to behead all of its beings and take over the planet
2196,The Gate,"three young children accidentally release a horde of nasty, pint-sized demons from a hole in a suburban backyard. what follows is a classic battle between good and evil as the three kids struggle to overcome a nightmarish hell that is literally taking over the earth."
2249,Futurama: Bender's Big Score,"the planet express crew return from cancellation, only to be robbed blind by hideous ""sprunging"" scam artists.  things go from bad to worse when the scammers hack bender, start traveling through time, and take earth over entirely!  will the crew be able to save the day, or will bender's larcenous tendencies and their general incompetence doom them all?"
2258,2001: A Space Travesty,"when odd reports are received through official channels stating that the president of the united states is being held captive on a secret international moon base called vegan and that he has been replaced on earth by a clone, the us marshall service immediately sends their 'best' man, dix, on the mission."
2273,Robinson Crusoe on Mars,"stranded on mars with only a monkey as a companion, an astronaut must figure out how to find oxygen, water, and food on the lifeless planet."
2283,Titan A.E.,"a young man finds out that he holds the key to restoring hope and ensuring survival for the human race, while an alien species called the drej are bent on mankind's destruction."
2286,The Hitchhiker's Guide to the Galaxy,"mere seconds before the earth is to be demolished by an alien construction crew, arthur dent is swept off the planet by his friend ford prefect, a researcher penning a new edition of ""the hitchhiker's guide to the galaxy."""
2363,Alien³,"after escaping with newt and hicks from the alien planet, ripley crash lands on fiorina 161, a prison planet and host to a correctional facility. unfortunately, although newt and hicks do not survive the crash, a more unwelcome visitor does. the prison does not allow weapons of any kind, and with aid being a long time away, the prisoners must simply survive in any way they can."
2364,Alien Resurrection,"two hundred years after lt. ripley died, a group of scientists clone her, hoping to breed the ultimate weapon. but the new ripley is full of surprises … as are the new aliens. ripley must team with a band of smugglers to keep the creatures from reaching earth."
2386,Jumper,"david rice is a man who knows no boundaries, a jumper, born with the uncanny ability to teleport instantly to anywhere on earth. when he discovers others like himself, david is thrust into a dangerous and bloodthirsty war while being hunted by a sinister and determined group of zealots who have sworn to destroy all jumpers. now, david’s extraordinary gift may be his only hope for survival!"
2430,Airboss,"when a shipment of plutonium has been stolen by a former soviet kingpin, with the rumored sale of it to middle eastern terrorists intent on making a nuclear bomb, a combined special forces unit is assembled by the u.s. military to recover the contraband and save the planet. but the elite task force -- made up of fbi agents bill murphy (jerry kokich) and morgan daniels (caroline strong) and military hotshots webb buckley (j. christian ingvordsen) and bone conn (kayle watson) -- is made up of conflicting personalities with conflicting methods of operation. when one of the team is killed, the call goes out for top gun frank white (frank zagarino) to save the day -- and the world."
2439,The Wild Blue Yonder,"an alien narrates the story of his dying planet, his and his people's visitations to earth and earth's self-made demise, while human astronauts in space are attempting to find an alternate planet for surviving humans to live on."
2467,Superman II,"three escaped criminals from the planet krypton test the man of steel's mettle. led by general zod, the kryptonians take control of the white house and partner with lex luthor to destroy superman and rule the world. but superman, who attempts to make himself human in order to get closer to lois, realizes he has a responsibility to save the planet."
2485,Deep Impact,"a seven-mile-wide space rock is hurtling toward earth, threatening to obliterate the planet. now, it's up to the president of the united states to save the world. he appoints a tough-as-nails veteran astronaut to lead a joint american-russian crew into space to destroy the comet before impact. meanwhile, an enterprising reporter uses her smarts to uncover the scoop of the century."
2487,K-19: The Widowmaker,"when russia's first nuclear submarine malfunctions on its maiden voyage, the crew must race to save the ship and prevent a nuclear disaster."
2516,Doom,"a team of space marines known as the rapid response tactical squad, led by sarge, is sent to a science facility on mars after somebody reports a security breach. there, they learn that the alert came after a test subject, a mass murderer purposefully injected with alien dna, broke free and began killing people. dr. grimm, who is related to team member reaper, informs them all that the chromosome can mutate humans into monsters -- and is highly infectious."
2525,DragonHeart,"in an ancient time when majestic fire-breathers soared through the skies, a knight named bowen comes face to face and heart to heart with the last dragon on earth, draco. taking up arms to suppress a tyrant king, bowen soon realizes his task will be harder than he'd imagined: if he kills the king, draco will die as well."
2538,"Dude, Where's My Car?","jesse and chester, two bumbling stoners, wake up one morning from a night of partying and cannot remember where they parked their car. they encounter a variety of people while looking for it, including their angry girlfriends, an angry street gang, a transexual stripper, a cult of alien seeking fanatics, and aliens in human form looking for a mystical device that could save or destroy the world."
2544,Red Planet,"astronauts search for solutions to save a dying earth by searching on mars, only to have the mission go terribly awry."
2604,The Prophecy 3: The Ascent,"the conclusion to the prophecy trilogy. once again, christopher walken returns as the arch-angel gabriel. as the war in heaven and on earth rages on, pyriel, the angel of genocide, rises to power, intending to destroy all of mankind. the only one who stands in his way is danyael, who was born of an angel and a woman."
2664,Screamers,"sirius 6b, year 2078. on a distant mining planet ravaged by a decade of war, scientists have created the perfect weapon: a blade-wielding, self-replicating race of killing devices known as screamers designed for one purpose only -- to hunt down and destroy all enemy life forms."
2710,Mortal Kombat,"for nine generations an evil sorcerer has been victorious in hand-to-hand battle against his mortal enemies. if he wins a tenth mortal kombat tournament, desolation and evil will reign over the multiverse forever. to save earth, three warriors must overcome seemingly insurmountable odds, their own inner demons, and superhuman foes in this action/adventure movie based on one of the most popular video games of all time."
2727,The Core,"geophysicist dr. josh keyes discovers that an unknown force has caused the earth's inner core to stop rotating. with the planet's magnetic field rapidly deteriorating, our atmosphere literally starts to come apart at the seams with catastrophic consequences. to resolve the crisis, keyes, along with a team of the world's most gifted scientists, travel into the earth's core. their mission: detonate a device that will reactivate the core."
2764,Evolution,"a comedy that follows the chaos that ensues when a meteor hits the earth carrying alien life forms that give new meaning to the term ""survival of the fittest."" david duchovny, orlando jones, seann william scott, and julianne moore are the only people standing between the aliens and world domination... which could be bad news for the earth."
2783,Virus,"when the crew of an american tugboat boards an abandoned russian research vessel, the alien life form aboard regards them as a virus which must be destroyed."
2785,Soldier,"sergeant todd is a veteran soldier for an elite group of the armed forces. after being defeated by a new breed of genetically engineered soldiers, he is dumped on a waste planet and left for dead. he soon interacts with a group of crash survivors who lead out a peaceful existence. the peace is broken as the new soldiers land on the planet to eliminate the colony, which sergeant todd must defend."
2864,Bio-Dome,"bud and doyle are two losers who are doing nothing with their lives. both of their girlfriends are actively involved in saving the environment, but the two friends couldn't care less about saving the earth. one day, when a group of scientists begin a mission to live inside a ""bio-dome"" for a year without outside contact, bud and doyle mistakenly become part of the project themselves."
2875,The Right Stuff,"a chronicle of the original mercury astronauts in the formation of america's space program: alan shepherd, the first american in space; gus grissom, the benighted astronaut for whom nothing works out as planned; john glenn, the straight-arrow 'boy scout' of the bunch who was the first american to orbit the earth; and the remaining pilots: deke slayton, scott carpenter and wally schirra."
2890,The Black Hole,"the explorer craft uss palomino is returning to earth after a fruitless 18-month search for extra-terrestrial life when the crew comes upon a supposedly lost ship, the uss cygnus, hovering near a black hole. the ship is controlled by dr. hans reinhardt and his monstrous robot companion, but the initial wonderment and awe the palomino crew feel for the ship and its resistance to the power of the black hole turn to horror as they uncover reinhardt's plans."
2919,Coneheads,"a pair of aliens arrive on earth to prepare for invasion, but crash instead. with enormous cone-shaped heads, robotlike walks and an appetite for toilet paper, aliens beldar and prymatt don't exactly blend in with the population of paramus, n.j. but for some reason, everyone believes them when they say they're from france."
2944,Supergirl,"after losing a powerful orb, kara, superman's cousin, comes to earth to retrieve it and instead finds herself up against a wicked witch."
2958,Little Nicky,"after the lord of darkness decides he will not cede his throne to any of his three sons, the two most powerful of them escape to earth to create a kingdom for themselves. this action closes the portal filtering sinful souls to hell and causes satan to wither away. he must send his most weak but beloved son, little nicky, to earth to return his brothers to hell."
2986,Species III,"after she delivers her child in an ambulance, alien eve is killed by a half-breed. fortunately, dr. abbot scoops up the baby alien and escapes. in time, the baby grows into a gorgeous blonde named sara and begins her quest to find a worthy mate. but sara is also savage and leaves a trail of deaths in her wake. this carnage makes chemistry student dean question whether to help her race or not."
3006,Fantastic Four,"during a space voyage, four scientists are altered by cosmic rays: reed richards gains the ability to stretch his body; sue storm can become invisible; johnny storm controls fire; and ben grimm is turned into a super-strong … thing. together, these ""fantastic four"" must now thwart the evil plans of dr. doom and save the world from certain destruction."
3056,Waterworld,"in a futuristic world where the polar ice caps have melted and made earth a liquid planet, a beautiful barmaid rescues a mutant seafarer from a floating island prison. they escape, along with her young charge, enola, and sail off aboard his ship."
3070,Mortal Kombat: Annihilation,"a group of heroic warriors has only six days to save the planet in ""mortal kombat annihilation."" to succeed they must survive the most spectacular series of challenges any human, or god, has ever encountered as they battle an evil warlord bent on taking control of earth. sequel to the film ""mortal kombat,"" and based on the popular video game."
3083,The Prince of Egypt,"this is the extraordinary tale of two brothers named moses and ramses, one born of royal blood, and one an orphan with a secret past. growing up the best of friends, they share a strong bond of free-spirited youth and good-natured rivalry. but the truth will ultimately set them at odds, as one becomes the ruler of the most powerful empire on earth, and the other the chosen leader of his people! their final confrontation will forever change their lives and the world."
3092,My Favorite Martian,"news producer, tim o'hara gets himself fired for unwillingly compromising his bosses' daughter during a live transmission. a little later, he witnesses the crashing of a small martian spacecraft, realizing his one-time chance of delivering a story that will rock the earth. since tim took the original but scaled-down spaceship with him, the martian follows him to retrieve it."
3171,Bad Taste,"a team from the intergalactic fast food chain crumb's crunchy delights descends on earth, planning to make human flesh the newest taste sensation. after they wipe out the new zealand town kaihoro, the country’s astro-investigation and defense service (aiads) is called in to deal with the problem. things are complicated due to giles, an aid worker who comes to kaihoro the same day to collect change from the residents. he is captured by the aliens, and aiads stages a rescue mission that quickly becomes an all-out assault on the aliens’ headquarters."
3185,Maximum Overdrive,"when a comet passes close to the earth, machines all over the world come alive and go on homicidal rampages. a group of people at a desolate truck stop are held hostage by a gang of homicidal 18-wheelers. the frightened people set out to defeat the killer machines ... or be killed by them."
3187,Chicken Little,"when the sky really is falling and sanity has flown the coop, who will rise to save the day? together with his hysterical band of misfit friends, chicken little must hatch a plan to save the planet from alien invasion and prove that the world's biggest hero is a little chicken."
3216,Ghosts of Mars,melanie ballard is a hard nosed police chief in the year 2025. she and a police snatch squad are sent to mars to apprehend dangerous criminal james williams. mars has been occupied by humans for some time and they have set up mining facilities. the mining activities on mars have unleashed the spirits of alien beings who gradually possess the bodies of the workers. it soon turns out that catching the dangerous fugitive takes a back seat as the alien spirits begin to rid their planet of the 'invaders'.
3305,Alien Nation,"a few years from now, earth will have the first contact with an alien civilisation. these aliens, known as newcomers, slowly begin to be integrated into human society after years of quarantine."
3350,The Ice Pirates,"the time is the distant future, where by far the most precious commodity in the galaxy is water. the last surviving water planet was somehow removed to the unreachable centre of the galaxy at the end of the galactic trade wars. the galaxy is ruled by an evil emperor (john carradine) presiding over a trade oligarchy that controls all mining and sale of ice from asteroids and comets."
3362,Thor,"against his father odin's will, the mighty thor - a powerful but arrogant warrior god - recklessly reignites an ancient war. thor is cast down to earth and forced to live among humans as punishment. once here, thor learns what it takes to be a true hero when the most dangerous villain of his world sends the darkest forces of asgard to invade earth."
3363,The Last Airbender,"the story follows the adventures of aang, a young successor to a long line of avatars, who must put his childhood ways aside and stop the fire nation from enslaving the water, earth and air nations."
3367,The Day the Earth Stood Still,"a representative of an alien race that went through drastic evolution to survive its own climate change, klaatu comes to earth to assess whether humanity can prevent the environmental damage they have inflicted on their own planet. when barred from speaking to the united nations, he decides humankind shall be exterminated so the planet can survive."
3374,Muppets from Space,"when gonzo's breakfast cereal tells him that he's the descendant of aliens from another planet, his attempts at extraterrestrial communication get him kidnapped by a secret government agency, prompting the muppets to spring into action. it's hard to believe gonzo's story at first, but kermit and friends soon find themselves on an epic journey into outer space filled with plenty of intergalactic misadventures."
3381,Species II,"having just returned from a mission to mars, commander ross isn't exactly himself. he's slowly becoming a terrifying alien entity with one goal -- to procreate with human women! when countless women suffer gruesome deaths after bearing half-alien offspring, scientist laura baker and hired assassin press lennox use eve, a more tempered alien clone, to find ross and his brood. before long eve escapes to mate with ross."
3403,Switch,"steve brooks, a sexist womanizer, is killed by a group of his angry former lovers. in heaven, he makes a bargain with god for redemption and agrees to return to earth. once there, he must have a sincere relationship with a female and make her fall in love with him. if not, steve's soul will become the property of the devil. but the devil hedges his bet, and steve is reincarnated as a woman named amanda brooks."
3428,The Men Who Stare at Goats,"a reporter in iraq might just have the story of a lifetime when he meets lyn cassady, a guy who claims to be a former member of the u.s. army's new earth army, a unit that employs paranormal powers in their missions."
3444,Spawn,"after being murdered by corrupt colleagues in a covert government agency, al simmons makes a pact with the devil to be resurrected to see his beloved wife wanda. in exchange for his return to earth, simmons agrees to lead hell's army in the destruction of mankind."
3454,Wishmaster,"the djinn having been released from his ancient prison seeks to capture the soul of the woman who discovered him, thereby opening a portal and freeing his fellow djinn to take over the earth."
3457,Volcano,"an earthquake shatters a peaceful los angeles morning and opens a fissure deep into the earth, causing lava to start bubbling up. as a volcano begins forming in the la brea tar pits, the director of the city's emergency management service, working with a geologist, must then use every resource in the city to try and stop the volcano from consuming la."
3501,What Planet Are You From?,"a highly-evolved planet, whose denizens feel no emotion and reproduce by cloning, plans to take over earth from the inside by sending an operative, fashioned with a humming, mechanical penis, to impregnate an earthling and stay until the birth. the alien, harold anderson, goes to phoenix as a banker and sets to work finding a mate. his approaches to women are inept, and the humming phallus doesn't help, but on the advice of a banking colleague, he cruises an aa meeting, meets susan, and somehow convinces her to marry. the clock starts to tick: will she conceive, have a baby, and lose harold (and the child) to his planet before he discovers emotion and starts to care?"
3563,Plan 9 from Outer Space,"in california, an old man grieves the loss of his wife and on the next day he also dies. however, the space soldier eros and her mate tanna use an electric device to resurrect them both and the strong inspector clay that was murdered by the couple. their intention is not to conquest earth but to stop mankind from developing the powerful bomb “solobonite” that would threaten the universe. when the population of hollywood and washington dc sees flying saucers on the sky, a colonel, a police lieutenant, a commercial pilot, his wife and a policeman try to stop the aliens."
3564,The Andromeda Strain,"when virtually all of the residents of piedmont, new mexico, are found dead after the return to earth of a space satellite, the head of the us air force's project scoop declares an emergency. a group of eminent scientists led by dr. jeremy stone scramble to a secure laboratory and try to first isolate the life form while determining why two people from piedmont - an old alcoholic and a six-month-old baby - survived. the scientists methodically study the alien life form unaware that it has already mutated and presents a far greater danger in the lab, which is equipped with a nuclear self-destruct device designed to prevent the escape of dangerous biological agents.."
3573,Outlander,"during the reign of the vikings, a man from another world crash-lands on earth, bringing with him an alien predator. the man must fuse his advanced technology with the weaponry of the vikings to fight the monster."
3663,Howard the Duck,a scientific experiment unknowingly brings extraterrestrial life forms to the earth through a laser beam. first is the cigar smoking drake howard from the duck's planet. a few kids try to keep him from the greedy scientists and help him back to his planet. but then a much less friendly being arrives through the beam...
3680,WALL·E,"wall·e is the last robot left on an earth that has been overrun with garbage and all humans have fled to outer space. for 700 years he has continued to try and clean up the mess, but has developed some rather interesting human-like qualities. when a ship arrives with a sleek new type of robot, wall·e thinks he's finally found a friend and stows away on the ship when it leaves."
3686,Space Truckers,john canyon is one of the last independent space transport entrepreneurs. rough times force him to carry suspicious cargo to earth without questions being asked. during the flight the cargo turns out to be multitude of unstoppable and deadly killer robots.
3749,The Thing from Another World,scientists and u.s.  air force officials fend off a blood-thirsty alien organism while at a remote arctic outpost.
3839,Babylon 5: Thirdspace,"susan ivanova discovers a derelict spaceship in hyperspace. they tow it back to babylon 5, then strange things start happening. people are being telepathically taken over by aliens from another (third)space."
3844,Earth,"from the acclaimed team that brought you bbc's visual feast ""planet earth,"" this feature length film incorporates some of the same footage from the series with all new scenes following three remarkable, yet sadly endangered, families of animal across the globe."
3854,Project: ALF,"six years ago, the space alien, alf, was on his way back to his new home...when the alien task force finally caught him. now, the story continues to where the series ended. alf is now protected by the alien task force, but the leader wants to terminate alf. so two officers decide to save alf by taking alf away from him. but the man the officers took alf to wants to finally reveal alf to the world."
3953,Fortress 2,"7 years on from the original fortress movie, brennick and his family are still on the run. finally, they give in, and surrender, only to find themselves imprisoned in a new, more sophisticated fortress prison in outer space. but brennick's not a man to give in easily, and with a 10 year old son waiting for him back on earth, he's going to pack some serious assault on the evil corporation."
3957,Starship Troopers 3: Marauder,"the war against the bugs continues! a federation starship crash-lands on the distant alien planet om-1, stranding beloved leader sky marshal anoke and several others, including comely but tough pilot lola beck. it's up to colonel/general johnny rico, reluctant hero of the original bug invasion on planet p, to lead a team of troopers on a daring rescue mission."
4032,Meet Dave,"a crew of miniature aliens operate a spaceship that has a human form. while trying to save their planet, the aliens encounter a new problem, as their ship becomes smitten with an earth woman."
4037,Cocoon: The Return,"the reinvigorated elderly group that left earth comes back to visit their relatives. will they all decide to go back to the planet where no one grows old, or will they be tempted to remain on earth?"
4053,Koyaanisqatsi,takes us to locations all around the us and shows us the heavy toll that modern technology is having on humans and the earth. the visual tone poem contains neither dialogue nor a vocalized narration: its tone is set by the juxtaposition of images and the exceptional music by philip glass.
4118,Superman IV: The Quest for Peace,"with global superpowers engaged in an increasingly hostile arms race, superman leads a crusade to rid the world of nuclear weapons. but lex luthor, recently sprung from jail, is declaring war on the man of steel and his quest to save the planet. using a strand of superman's hair, luthor synthesizes a powerful ally known as nuclear man and ignites an epic battle spanning earth and space."
4132,Sleepwalkers,"charles brady and his mother, mary, are the last of a dying breed whose needs are not of this world.  they are sleepwalkers - able to stay alive only by feeding on the life-force of the innocent, but destined to roam the earth, avoiding discovery while searching for their next victim.  that search takes them to the sleepy little town of travis, indiana, where beautiful teenager tanya robertson is about to become an unwilling pawn in their nightmarish fight for survival."
4160,Jason X,"in the year 2455, old earth is now a contaminated planet abandoned for centuries -- a brown world of violent storms, toxic landmasses and poisonous seas. yet humans have returned to the deadly place that they once fled, not to live, but to research the ancient, rusting artifacts of the long-gone civilizations. but it's not the harmful environment that could prove fatal to the intrepid, young explorers who have just landed on old earth. for them, it's friday the 13th, and jason lives!"
4177,Suburban Commando,"shep ramsey is an interstellar hero, righting wrongs, etc. his ship is damaged after a fight with an interstellar nasty and he must hide out on earth until it can recharge. he leaves his power suit at home, but still finds himself unable to allow wrongs to go unrighted and so mixes it up with bad drivers, offensive paperboys, muggers and the like."
4204,Lilo & Stitch,"as stitch, a runaway genetic experiment from a faraway planet, wreaks havoc on the hawaiian islands, he becomes the mischievous adopted alien ""puppy"" of an independent little girl named lilo and learns about loyalty, friendship, and 'ohana, the hawaiian tradition of family."
4224,Journey to the Center of the Earth,an edinburgh professor and assorted colleagues follow an explorer's trail down an extinct icelandic volcano to the earth's center.
4265,The Dark Crystal,"on another planet in the distant past, a gelfling embarks on a quest to find the missing shard of a magical crystal and restore order to his world, before the grotesque race of skeksis find and use the crystal for evil."
4323,Space Chimps,three chimps are sent into space to explore the possibility of alien life when an unmanned space shuttle crash lands on an uncharted planet.
4366,Enemy Mine,"a soldier from earth crashlands on an alien world after sustaining battle damage. eventually he encounters another survivor, but from the enemy species he was fighting; they band together to survive on this hostile world. in the end the human finds himself caring for his enemy in a completely unexpected way."
4398,The Vanguard,the year is 2015 and overpopulation and famine have plunged our planet into chaos and one desperate survivor finds himself being hunted and pursued by hordes of rage-crazed zombies.
4405,Capricorn One,"in order to protect the reputation of the american space program, a team of scientists stages a phony mars landing. willingly participating in the deception are a trio of well-meaning astronauts, who become liabilities when their space capsule is reported lost on re-entry. now, with the help of a crusading reporter, they must battle a sinister conspiracy that will stop at nothing to keep the truth."
4415,Lifeforce,a space shuttle mission investigating halley's comet brings back a malevolent race of space vampires who transform most of london's population into zombies. the only survivor of the expedition and british authorities attempt to capture a mysterious but beautiful alien woman who appears responsible.
4433,The Prophecy,"the angel gabriel comes to earth to collect a soul which will end the stalemated war in heaven, and only a former priest and a little girl can stop him."
4459,My Stepmother is an Alien,"trying to rescue her home planet from destruction, a gorgeous extraterrestrial named celeste arrives on earth and begins her scientific research. she woos quirky scientist dr. steve mills, a widower with a young daughter. before long, celeste finds herself in love with steve and her new life on earth, where she experiences true intimacy for the first time. but when she loses sight of her mission, she begins to question where she belongs."
4495,Blue Angels 2,"the devil has infected heaven's computer system with a virus which makes the bad guys on earth look like ""angels"" ... and of course, opens the gate for their arrival. two celestial ""ace"" trouble shooters, tough tony and joe doggs, are once again called upon to save the day ... and joining them is a loveable computer geek who's a lot smarter than he looks."
4527,9,"when 9 first comes to life, he finds himself in a post-apocalyptic world. all humans are gone, and it is only by chance that he discovers a small community of others like him taking refuge from fearsome machines that roam the earth intent on their extinction. despite being the neophyte of the group, 9 convinces the others that hiding will do them no good."
4634,Jimmy Neutron: Boy Genius,"jimmy neutron is a boy genius and way ahead of his friends, but when it comes to being cool, he's a little behind. all until one day when his parents, and parents all over earth are kidnapped by aliens, it's up to him to lead all the children of the world to rescue their parents."
4751,Futurama: The Beast with a Billion Backs,"fresh off ripping space-time a new one at the end of ""bender's big score,"" the planet express crew is back to mend the tear in reality, or (hopefully) at least not make it worse.  beyond the tear, though, lurks a being of inconceivable...tentacularity.  what will become of earth, and indeed, our universe, when faced with the beast with a billion backs?"
4764,Stargate: The Ark of Truth,"sg-1 searches for an ancient weapon which could help them defeat the ori, and discover it may be in the ori's own home galaxy. as the ori prepare to send ships through to the milky way to attack earth, sg-1 travels to the ori galaxy aboard the odyssey. the international oversight committee have their own plans and sg-1 finds themselves in a distant galaxy fighting two powerful enemies."
4905,Dead Space: Downfall,"on a deep space mining mission to a remote planet, an ancient religious relic - thought to be proof of the existence of god - is unearthed and brought aboard. when the unholy artifact unleashes a long-dormant alien race, its glimpse of heaven transforms the ship into a living hell. a prequel to the events of the 2008 video game dead space."
4932,The Privileged Planet,this 60-minute video documentary explores the conditions on earth that allow for intelligent life and also make it a strangely well suited place for viewing and analyzing the universe.
4941,Futurama: Bender's Game,"when leela is insulted by a group of space-rednecks (like regular rednecks, but in space) she enters the planet express ship in a demolition derby.  she emerges victorious, but when she brings the damaged ship home and the professor sees the fuel gauge, he's enraged by the hit he's going to take at the dark matter pump.  now the crew have to find a way to break mom's stranglehold on starship fuel, even if they have to wade through a lord of the rings-inspired fantasy-land to do it!"
4944,Mutant Chronicles,it's the year 2707. earth's natural resources have all but been exhausted by mankind. battles rage for the remainder between the competing corporations. during one such battle the seal is broken and awakens an ancient and deadly machine that was once defeated thousands of years ago. the order that awaited its return must now lead a small group of soldiers to destroy it once and for all.
4987,The Man from Earth,"an impromptu goodbye party for professor john oldman becomes a mysterious interrogation after the retiring scholar reveals to his colleagues he never ages and has walked the earth for 14,000 years."
5028,Japanese Story,"sandy, a geologist, finds herself stuck on a field trip to the pilbara desert with a japanese man she finds inscrutable, annoying and decidedly arrogant. hiromitsu's view of her is not much better. things go from bad to worse when they become stranded in one of the most remote regions on earth."
5077,The Monster Squad,"count dracula adjourns to earth, accompanied by frankenstein's monster, the wolfman, the mummy, and the gillman. the uglies are in search of a powerful amulet that will grant them power to rule the world. our heroes - the monster squad are the only ones daring to stand in their way."
5180,A Crude Awakening,"basil gelpke and ray mccormack's nonfiction treatise crude awakening joins maxed out, an inconvenient truth, and other recent documentaries devoted to unearthing and exploring forces that are untying the connective threads of contemporary society. the subject at hand is crude oil - specifically, the depletion of petroleum from the earth, in an era when consumption threatens to exceed supply."
5227,SpaceCamp,"andie bergstrom, an astronaut eagerly awaiting her first trip to space, runs a summer camp for teenagers with her nasa-employed husband, zach. one night during an engine test, andie and four teenage campers are accidentally shot into space. together, the group -- which includes kathryn, a pilot-in-training, and tish, a ditz with a perfect memory -- must work together to operate the spacecraft and return home."
5253,Cosmic Voyage,"the academy award® nominee cosmic voyage combines live action with state-of-the-art computer-generated imagery to pinpoint where humans fit in our ever-expanding universe. highlighting this journey is a ""cosmic zoom"" based on the powers of 10, extending from the earth to the largest observable structures in the universe, and then back to the subnuclear realm."
5489,2012,"dr. adrian helmsley, part of a worldwide geophysical team investigating the effect on the earth of radiation from unprecedented solar storms, learns that the earth's core is heating up. he warns u.s. president thomas wilson that the crust of the earth is becoming unstable and that without proper preparations for saving a fraction of the world's population, the entire race is doomed. meanwhile, writer jackson curtis stumbles on the same information. while the world's leaders race to build ""arks"" to escape the impending cataclysm, curtis struggles to find a way to save his family. meanwhile, volcanic eruptions and earthquakes of unprecedented strength wreak havoc around the world."
5520,Pulse 2: Afterlife,"the world has been reshaped by the invasion of ghosts via the wireless internet. cities are deserted, technology has been destroyed and the few remaining human beings eschew anything electrical in order to avoid a confrontation with the soulless ghosts that now wander the planet. most of the ghosts are doomed to a repetitive loop of something they did while they were still despairing humans (a man repeatedly hangs himself, for example), but there are some ghosts so locked in denial, they do not know they are dead. they continue to haunt their homes, wrapped in fear that their souls will soon be torn from them."
5521,Recon 2022: The Mezzo Incident,"after the gruesome events on caprini, sharp and his elite team of tough, witty and trigger happy space marines must now head out to the icy planet mezzo to investigate further ma'har activities. what they will encounter will defy their imaginations as they tackle giant man eating snow worms, an underground city of cyborgs, a slew of murderous alien entities and maybe, finally, the ever elusive ma'hars."
5660,Battle Beyond the Stars,a young farmer assembles a band of diverse mercenaries to defend his peaceful planet from an evil tyrant.
5840,The Last Sentinel,"no emotion. no fear. no pain. they were the perfect soldiers to protect civilization until the drone police became the perfect enemy. with little hope left for mankind, tallis, an electronically enhanced soldier, rescues a survivor from a failed resistance mission. she will have to learn to fight and think like a machine for the final battle to save the human race."
5886,Screamers: The Hunting,"a group of humans arrive on sirius 6-b to investigate an sos signal sent out from the planet, which has been supposedly deserted since the destruction of the man-made weapons known as ""screamers."" once the squad arrives, they find a group of human survivors eking out an existence in an old military outpost."
5920,Alien Apocalypse,an astronaut doctor ivan hood and his fellow astronaut kelly return from their mission in space to find the world has been taken over by aliens. now dr. ivan hood and kelly must lead a revolution to free the human slaves from their alien masters.
5928,Moontrap,"the space shuttle returns to earth, but some of the equipment brought back on it begins to behave strangely. scientists are unsure what is happening, and decide to take all necessary precautions."
5977,Against the Dark,"when most of the population of earth is infected by a virus and transformed into flesh eaters and blood drinking creatures, a group of hunters lead by tao and his sword chase the vampire zombies to eliminate them. six non-infected survivors try to find the exit of an abandoned hospital crowded of the infected creatures. meanwhile, the military is ready to bomb the whole area."
6007,Blue Planet,"from the unique vantage point of 200 miles above earth's surface, we see how natural forces - volcanoes, earthquakes and hurricanes - affect our world, and how a powerful new force - humankind - has begun to alter the face of the planet. from amazon rain forests to serengeti grasslands, blue planet inspires a new appreciation of life on earth, our only home."
6013,Over Alaska,"come fly with us in over alaska as we take off on a breathtaking tour of our 49th state. soar over mt. mckinley and through the craggy crevasses of electric blue glaciers. follow the iditarod and kayakers as they navigate past icebergs. then touch down to earth and get as close to bears, whales and wildlife as humanly possible."
6014,20 Million Miles to Earth,"when the first manned flight to venus returns to earth, the rocket crash-lands in the mediterranean near a small italian fishing village. the locals manage to save one of the astronauts colonel calder, the mission commander. a young boy also recovers what turns out to be a specimen of an alien creature. growing at a fantastic rate, it manages to escape and eventually threatens the city of rome."
6033,Dante 01,"deep space, at the edge of the galaxy. the future. a new prisoner arrives on top security prison ship and psychiatric research unit dante 01. sole survivor of an encounter with an alien force beyond imagining, saint georges is a man possessed by inner demons, caught up in the battle to control the monstrous power within him. it's a power that will infect the other highly dangerous occupants of dante 01, gaolors and prisoners alike, unleashing a violent rebellion that turns this terrifying, labyrinthine world upside down. in the otherworldly hell of the ship's depths, through danger and redemption, each must journey to his very limits... each must confront his own dragon."
6107,Babylon 5: The Lost Tales - Voices in the Dark,"this latest installment of babylon 5 is in two parts: the first, is about an entity that has possessed a worker. it wants to be exorcised but col. lochley prevents the priest &amp; sends it &amp; the host both back to earth. the second is about galen trying to dupe president sheridan into assassinating the future centauri president to stop him possibly attacking earth in 30 years time."
6192,Starflight: The Plane That Couldn't Land,"starflight one, a commercial aircraft that can whisk passengers around the globe in a matter of hours, embarks on its maiden voyage. the trip goes horribly awry, however, when the aircraft is forced out of the atmosphere and into outer space. as it is too dangerous to attempt reentry, captain cody briggs, his passengers and his crew brave declining levels of oxygen while nasa scientists scramble to launch a rescue mission in a race against time."
6209,Australia: Land Beyond Time,australia: land beyond time takes viewers on a breathtaking journey back in time to witness the birth and evolution of a mysterious land that harbors remnants of earth's earliest life and many of it's strangest creatures that exist nowhere else on the planet.
6226,Destiny in Space,"travel alongside the astronauts as they deploy and repair the hubble space telescope, soar above venus and mars, and find proof of new planets and the possibility of other life forming around distant stars."
6257,Tiësto in Concert,"on may 10, 2003, for the first time on our planet, one dj has filled a soccer stadium with 25,000 people for an 8 hour performance/set. the show featured guest singers, live bands and performers, plus stunning visual effects."
6267,Evil Brain from Outer Space,an evil brain from outer space unleashes monsters with deadly diseases on earth with trying to conquer the universe. superhero starman must battle them all to save his planet.
6344,Night of the Creeps,"in 1959, an alien experiment crashes to earth and infects a fraternity member. they freeze the body, but in the modern day, two geeks pledging a fraternity accidentally thaw the corpse, which proceeds to infect the campus with parasites that transform their hosts into killer zombies."
6380,Earthstorm,"a massive asteroid impact on the moon begins causing storms on earth due to the sudden changes in ocean tides. but when further examination is conducted it's discovered that the moon's structure is now entirely unstable -- threatening all life on earth. with time running out, a team of scientists turn to one man, demolitions expert john redding, in effort to find a solution and secure the moon."
6403,Post impact,"meteor bay-leder 7 struck earth on october 18th, 2012. causing earthquakes, tidal waves, and a dust cloud that soon covered most of the northern hemisphere, it changed the face of our planet forever."
6455,Final Days of Planet Earth,an archaeologist discovers that aliens posing as government officials are secretly harvesting human bodies in a bid to take over earth.
6470,Aftermath: Population Zero,aftermath: population zero investigates what would happen if every single person on earth simply disappeared. explore the interactive world without us.
6479,The Adventures of Elmo in Grouchland,"elmo loves his fuzzy, well-worn blue blanket more than anything in the whole world. elmo's blanket gets sucked into colorful, swirling tunnel into grouchland, the yuckiest place on earth. elmo goes on an adventure to grouchland to retrieve his blanket."
6531,Travis Pastrana and The Nitro Circus Vol 2,"sure, the nitro circus isn't a real circus. but that doesn't stop this reel of hard-core motocross stunts from being one of the greatest shows on earth, a chance to bask in the insanity that only the nitro crew can bring. in addition to ringleader travis pastrana, featured motocross daredevils include gregg godfrey, andy bell, ""cowboy"" kenny bartram and ronnie renner."
6536,Space Is the Place,"sun ra and his solar myth arkestra return to earth after several years in space. ra proclaims himself ""the alter-destiny"", meets with inner-city youths and battles with the devil himself to save the black race."
6569,Blackbeard's Ghost,"peter ustinov stars as the eponymous wraith, who returns to earth to aid his descendant, elderly elsa lanchester (stowecroft). the villains want to kick lanchester and her friends out of their group home so that they can build a crooked casino. good guy steve walker (jones) gets caught in the middle of the squabble after evoking blackbeard's ghost."
6576,War of the Worlds 2: The Next Wave,"two years after the martian invasion, george herbert's worst fears are realized: the aliens have returned. as a second wave of martian walkers lay waste to what's left of earth, an alliance of military forces prepares a daring attack on the red planet itself. once again, the future of mankind hangs in the balance."
6592,Killer Klowns from Outer Space,aliens disguised as clowns crash land on earth in a rural town to capture unsuspecting victims in cotton candy cocoons for later consumption.
6607,Serenity,"when the renegade crew of serenity agrees to hide a fugitive on their ship, they find themselves in an action-packed battle between the relentless military might of a totalitarian regime who will destroy anything – or anyone – to get the girl back and the bloodthirsty creatures who roam the uncharted areas of space. but... the greatest danger of all may be on their ship."
6633,Robotech: The Shadow Chronicles,"in the year 2044 ad, the human race has amped-up its space exploration and reached out to the stars through the miracle of robotechnology, but not without bringing intergalactic war upon the earth itself. heroes will die and allegiances will shift. but in the midst of combat, perhaps peace will spring up through the charred remains of battered history. one of the greatest science fiction sagas of all time continues..."
6645,When Worlds Collide,"when a group of astronomers calculate a star is on a course to slam into earth, a few days before, it's accompanying planet will first pass close enough to the earth to cause havoc on land and sea. they set about building a rocket so a few selected individuals can escape to the planet."
6648,Daleks' Invasion Earth: 2150 A.D.,doctor who and his companions are hurled into the future and make a horrifying discovery: the daleks have conquered earth! the metal fiends have devastated entire continents and turned the survivors into robomen.
6738,Alien Trespass,"in 1957 a fiery object crashes into a mountaintop in the california desert, bringing the threat of disaster to earth. out of the flying saucer escapes a murderous creature, the ghota, bent on destroying all life forms on the planet. a benevolent alien from the spaceship, urp, inhabits the body of ted lewis, an astronomer and with the help of tammy, a diner waitress, sets out to save mankind."
6803,Planet 51,"when earth astronaut capt. chuck baker arrives on planet 51 -- a world reminiscent of american suburbia circa 1950 -- he tries to avoid capture, recover his spaceship and make it home safely, all with the help of an empathetic little green being."
6807,Battle for Terra,"a peaceful alien planet faces annihilation, as the homeless remainder of the human race sets its eyes on terra. mala, a rebellious terrian teenager, will do everything she can to stop it."
6830,Heatstroke,an ex-model teams up with a soldier to thwart aliens who are propelling global warming to make earth habitable for their species
6868,Jetsons: The Movie,george jetson is forced to uproot his family when mr. spacely promotes him to take charge of a new factory on a distant planet.
6891,Homeworld,the year: 3037. earth is at war with aliens called mendax. they have remarkable mental abilities and are determined to wipe out all mankind
6923,Omega Doom,"after earth is taken over by an army of robots, the small number of humans left are forced into hiding. in the nuclear winter, only droids walk the face of the earth, in fear of the rumored human resurgence, and in search of a hidden cache of weapons. one robot, his evil circuits destroyed, enters a small town where a robot civil war is taking place."
6969,National Geographic: Journey to the Edge of the Universe,"in one single, epic camera move we journey from earth's surface to the outermost reaches of the universe on a grand tour of the cosmos, to explore newborn stars, distant planets, black holes and beyond."
7046,G.I. Joe: The Movie,g.i. joe faces a new enemy as an ancient society of snake people known as cobra-la try to forcefully take back the earth from those who drove them underground eons ago.
7048,Moon,"with only three weeks left in his three year contract, sam bell is getting anxious to finally return to earth. he is the only occupant of a moon-based manufacturing facility along with his computer and assistant, gerty. when he has an accident however, he wakens to find that he is not alone."
7130,Battle Planet,"in the not-so-distant future, captain jordan strider, a special forces officer in the new world alliance, is chosen for a top-secret mission. sent to a desolate planet, terra 219, to arrest possible traitors to the alliance, strider must survive with only a government issued experimental suit as protection. he quickly learns of a plan to end all humanity."
7169,District 9,"thirty years ago, aliens arrive on earth. not to conquer or give aid, but to find refuge from their dying planet. separated from humans in a south african area called district 9, the aliens are managed by multi-national united, which is unconcerned with the aliens' welfare but will do anything to master their advanced technology. when a company field agent contracts a mysterious virus that begins to alter his dna, there is only one place he can hide: district 9."
7232,Zone Troopers,"american soldiers, led by the sarge, are stuck behind nazi enemy lines. as they make their way across the italian countryside, they come across an alien spaceship that has crash-landed in the woods. the alien pilot is dead, but one of the ship's passengers is on the loose. as the gis hunt down the alien by splitting into smaller groups, they're not only tracked by the nazis, but also a whole host of other aliens come to save their stranded party."
7240,Alien Tracker,"in a galaxy far away, alien criminals organize a spectacular prison break. pursued by their home planet's authorities, their leader zin decides there's only one place to go: through a wormhole that allows instantaneous travel to earth. cole is the alien tracker who's in hot pursuit of the escaped convicts."
7274,Laserblast,"loner teenager billy duncan stumbles across a lost alien ray gun while wandering the desert one day. billy uses the destructive weapon to get revenge on his enemies, but quickly finds himself beginning to turn into a violent, alien creature who destroys anyone who offends him."
7367,Roving Mars,join the mars rovers spirit and opportunity for an awe-inspiring journey to the surface of the mysterious red planet.
7400,Earth vs. the Flying Saucers,"test space rockets exploding at liftoff and increased reporting of ufo sightings culminate in a direct attempt by alien survivors of a dead, extra-galactic civilization to invade earth from impervious flying saucers, using ray-weapons of mass destruction."
7402,Land of the Lost,"on his latest expedition, dr. rick marshall is sucked into a space-time vortex alongside his research assistant and a redneck survivalist. in this alternate universe, the trio make friends with a primate named chaka, their only ally in a world full of dinosaurs and other fantastic creatures."
7420,Flow: For Love of Water,"from both local and global perspectives, this documentary examines the harsh realities behind the mounting water crisis. learn how politics, pollution and human rights are intertwined in this important issue that affects every being on earth. with water drying up around the world and the future of human lives at stake, the film urges a call to arms before more of our most precious natural resource evaporates."
7447,Space Station 3D,"some 220 miles above earth lies the international space station, a one-of-a-kind outer space laboratory that 16 nations came together to build. get a behind-the-scenes look at the making of this extraordinary structure in this spectacular imax film. viewers will blast off from florida's kennedy space center and the baikonur cosmodrome in russia for this incredible journey -- imax's first-ever space film. tom cruise narrates."
7453,Supervolcano,"yellowstone is a park, but it's also the deadliest volcano on earth. beneath it, a sleeping 'dragon' is stirring. when an earthquake opens a crack for magma to seep through, other warning signs of an eruption start popping up, but they are ignored or dismissed as 'minor'. but when they learn an eruption will happen, panic breaks out through people of the usa and the world."
7477,Journey into Amazing Caves,journey into amazing caves is an extraordinary imax adventure into the depths of the earth to uncover the secrets to life underground.
7538,Days of Darkness,"when a comet strikes earth and kicks up a cloud of toxic dust, hundreds of humans join the ranks of the living dead. but there's bad news for the survivors: the newly minted zombies are hell-bent on eradicating every last person from the planet. for the few human beings who remain, going head to head with the flesh-eating fiends is their only chance for long-term survival. yet their battle will be dark and cold, with overwhelming odds."
7549,Night of the Comet,"two girls from the valley wake up to find that a passing comet has eradicated their world and left behind a mysterious red-dust and a pack of cannibal mutants. with the help of a friendly truck driver, the girls save the earth from a villainous ""think tank,"" karate chop their way through flesh-eating zombies, and, of course, find time to go to the mall."
7631,Alien Planet,"the dynamic meeting of solid science and futuristic simulation culminates in a dramatic exploration to another inhabited planet seven light years away. alien planet creates a realistic depiction of creatures on another world, where life is possible, if not provable, according to scientists' theories. take this fascinating journey created by state-of-the-art animation and photo-realistic effects."
7732,Clash of the Titans,"born of a god but raised as a man, perseus is helpless to save his family from hades, vengeful god of the underworld. with nothing to lose, perseus volunteers to lead a dangerous mission to defeat hades before he can seize power from zeus and unleash hell on earth. battling unholy demons and fearsome beasts, perseus and his warriors will only survive if perseus accepts his power as a god, defies fate and creates his own destiny."
7824,Deep Evil,"an alien microbe lands in remote siberia in the 1950's. in the year 2004, us scientist working at a top secret underground lab in alaska clone the microbe. a garbled distress signal is heard from the lab just before a complete lock down of the facility. this is the last word sent out from the scientists. a team of scientists and military personnel are in charge of finding out what went wrong."
7834,All Dogs Go to Heaven 2,"charlie and itchy return to earth to find gabriel's horn, but along the way meet up with a young boy named david, who ran away from home."
7894,The Second Arrival,"after zane ziminski is found dead five people received envelopes with details of an alien invasion. this group of five includes 3 scientists, zane's brother jack, and a reporter. quickly, the group is down to three and then jack and bridget, the reporter. with a small piece of alien technology, they must escape from the aliens, who take human form, and try to convince others that aliens exist."
7952,Alien Agent,a lawman from another galaxy must stop an invading force from building a gateway to planet earth.
7955,Leprechaun 4: In Space,"on a planet in a distant galaxy, a power hungry leprechaun, holds a beautiful alien princess hostage in order to marry her for her royal title. with her title and his beloved gold, he'll be able to rule the universe. while making his maniacal plans, what he doesn't count on is an invading platoon of marines from earth, to save the princess and foil his plans. an accomplished trickster, the leprechaun stows himself away on the orbiting spaceship and wreaks havoc on the crew in an attempt to recapture his bride."
7973,Superman: Brainiac Attacks,"embittered by superman's heroic successes and soaring popularity, lex luthor forms a dangerous alliance with the powerful computer/villain brainiac. using advanced weaponry and a special strain of kryptonite harvested from the far reaches of outer space, luthor specifically redesigns brainiac to defeat the man of steel."
8002,The Cat from Outer Space,"a ufo is stranded on earth and impounded by the us government. its pilot, a cat with a collar that gives it special powers, including the ability to communicate with humans, has eluded the authorities and seeks the help of a scientist in order to reclaim and repair his ship and get back home."
8009,He-Man and She-Ra: The Secret of the Sword,"after experiencing traumatic nightmares of a time now past, the sorceress summons prince adam and cringer to castle grayskull to give adam a precious, jeweled sword and send the pair to the planet etheria to investigate its secrets."
8042,Captain EO,"in this 3-d science fiction film that was shown at disney theme parks, the infamous captain eo and his ragtag crew are sent on a diplomatic mission through space to deliver a gift to the mysterious and menacing supreme leader of a desolate industrial planet."
8130,Saturn 3,"in the future, earth is overcrowded and the population relies on distant bases to be fed. in the saturn 3 station, major adam and the scientist alex, who is also his lover and has never been on earth, have been researching hydroponics for three years in the base alone with their dog sally. meanwhile, the psychotic captain benson fails the mental test required to travel to saturn 3 and kills his replacement, captain james, taking his place in the mission of assembling and programming the demi-god series robot hector to replace one of the scientists in saturn 3. on the arrival, the mentally disturbed captain benson becomes sexually obsessed for alex. then he uses an interface to link his brain to program hector, but incapable to control his emotions, he transfers his homicidal tendency and insanity to hector. now major adam and alex are trapped in the station with a dangerous psychopath robot."
8196,The Apocalypse,"a mother and a father search for their only child as a giant asteroid headed for earth, triggering a series of apocalyptic events."
8204,Care Bears Movie II: A New Generation,"this animated adventure goes back in time to the care bears' first-ever caring mission, when true heart bear and noble heart horse touch down on earth to boost the spirits of some unhappy kids at summer camp. but the evil dark heart has other plans, and convinces one of the campers to help him capture the care bears. will our lovable heroes' care stare be enough to vanquish the villain -- and convince his apprentice that good's the way to go?"
8209,Avatar,"in the 22nd century, a paraplegic marine is dispatched to the moon pandora on a unique mission, but becomes torn between following orders and protecting an alien civilization."
