id,title,synopsis
19,The Simpsons Movie,"After Homer accidentally pollutes the town's water supply, Springfield is encased in a gigantic dome by the EPA and the Simpsons are declared fugitives."
25,8 Mile,"The setting is Detroit in 1995. The city is divided by 8 Mile, a road that splits the town in half along racial lines. A young white rapper, Jimmy ""B-Rabbit"" Smith Jr. summons strength within himself to cross over these arbitrary boundaries to fulfill his dream of success in hip hop. With his pal Future and the three one third in place, all he has to do is not choke."
47,Anatomy of a Murder,"Semi-retired Michigan lawyer Paul Biegler takes the case of Army Lt. Manion, who murdered a local innkeeper after his wife claimed that he raped her. Over the course of an extensive trial, Biegler parries with District Attorney Lodwick and out-of-town prosecutor Claude Dancer to set his client free, but his case rests on the victim's mysterious business partner, who's hiding a dark secret."
53,"Lock, Stock and Two Smoking Barrels",A card shark and his unwillingly-enlisted friends need to make a lot of cash quick after losing a sketchy poker match. To do this they decide to pull a heist on a small-time gang who happen to be operating out of the flat next door.
74,Groundhog Day,"A narcissistic TV weatherman, along with his attractive-but-distant producer, and his mawkish cameraman, is sent to report on Groundhog Day in the small town of Punxsutawney, where he finds himself repeating the same day over and over."
87,Edward Scissorhands,A small suburban town receives a visit from a castaway unfinished science experiment named Edward.
108,Sin City,"Welcome to Sin City. This town beckons to the tough, the corrupt, the brokenhearted. Some call it dark… Hard-boiled. Then there are those who call it home — Crooked cops, sexy dames, desperate vigilantes. Some are seeking revenge, others lust after redemption, and then there are those hoping for a little of both. A universe of unlikely and reluctant heroes still trying to do the right thing in a city that refuses to care."
119,Mean Streets,"A small-time hood must choose from among love, friendship and the chance to rise within the mob."
163,Fargo,"Jerry, a small-town Minnesota car salesman is bursting at the seams with debt... but he's got a plan. He's going to hire two thugs to kidnap his wife in a scheme to collect a hefty ransom from his wealthy father-in-law. It's going to be a snap and nobody's going to get hurt... until people start dying. Enter Police Chief Marge, a coffee-drinking, parka-wearing - and extremely pregnant - investigator who'll stop at nothing to get her man. And if you think her small-time investigative skills will give the crooks a run for their ransom... you betcha!"
172,High Noon,"Will Kane, the sheriff of a small town in New Mexico, learns a notorious outlaw he put in jail has been freed, and will be arriving on the noon train. Knowing the outlaw and his gang are coming to kill him, Kane is determined to stand his ground, so he attempts to gather a posse from among the local townspeople."
176,Dave Chappelle's Block Party,"The American comedian/actor delivers a story about the alternative Hip Hop scene. A small town Ohio mans moves to Brooklyn, New York, to throw an unprecedented block party."
183,Rio Bravo,"The sheriff of a small town in southwest Texas must keep custody of a murderer whose brother, a powerful rancher, is trying to help him escape. After a friend is killed trying to muster support for him, he and his deputies - a disgraced drunk and a cantankerous old cripple - must find a way to hold out against the rancher's hired guns until the marshal arrives. In the meantime, matters are complicated by the presence of a young gunslinger - and a mysterious beauty who just came in on the last stagecoach."
195,Insomnia,Two Los Angeles homicide detectives are dispatched to a northern town where the sun doesn't set to investigate the methodical murder of a local teen.
214,A Nightmare on Elm Street,"Teenagers in a small town are dropping like flies, apparently in the grip of mass hysteria causing their suicides. A cop's daughter, Nancy Thompson, traces the cause to child molester Fred Krueger, who was burned alive by angry parents many years before. Krueger has now come back in the dreams of his killers' children, claiming their lives as his revenge. Nancy and her boyfriend, Glen, must devise a plan to lure the monster out of the realm of nightmares and into the real world..."
223,Chocolat,"A fable of emotional liberation and chocolate. A mother and daughter move to a small French town where they open a chocolate shop. The town, religious and morally strict, is against them as they represent free-thinking and indulgence. When a group of Boat Gypsies float down the river the prejudices of the Mayor leads to a crisis."
250,Aliens vs Predator: Requiem,"The iconic creatures from two of the scariest film franchises in movie history wage their most brutal battle ever—in our own backyard. The small town of Gunnison, Colorado becomes a war zone between two of the deadliest extra-terrestrial life forms—the Alien and the Predator. When a Predator scout ship crash-lands in the hills outside the town, Alien Facehuggers and a hybrid Alien/Predator are released and begin to terrorize the town."
256,Erin Brockovich,"A twice-divorced mother of three who sees an injustice, takes on the bad guy and wins -- with a little help from her push-up bra. Erin goes to work for an attorney and comes across medical records describing illnesses clustered in one nearby town. She starts investigating and soon exposes a monumental cover-up."
298,Wallace & Gromit: The Curse of the Were-Rabbit,"Cheese-loving eccentric Wallace and his cunning canine pal, Gromit, investigate a mystery in Nick Park's animated adventure, in which the lovable inventor and his intrepid pup run a business ridding the town of garden pests. Using only humane methods that turn their home into a halfway house for evicted vermin, the pair stumble upon a mystery involving a voracious vegetarian monster that threatens to ruin the annual veggie-growing contest."
311,Fight Club,"A ticking-time-bomb insomniac and a slippery soap salesman channel primal male aggression into a shocking new form of therapy. Their concept catches on, with underground ""fight clubs"" forming in every town, until an eccentric gets in the way and ignites an out-of-control spiral toward oblivion."
313,Dogville,"A barren soundstage is stylishly utilized to create a minimalist small-town setting in which a mysterious woman named Grace hides from the criminals who pursue her. The town is two-faced and offers to harbor Grace as long as she can make it worth their effort, so Grace works hard under the employ of various townspeople to win their favor. Tensions flare, however, and Grace's status as a helpless outsider provokes vicious contempt and abuse from the citizens of Dogville."
340,Silent Hill,"In search for answers, a mother travels to the enigmatic town of Silent Hill when her daughter begins to suffer recurring nightmares related to the place. It doesn't take long for her to discover its home to beings as equally haunting as the town itself."
369,Easy Rider,A cross-country trip to sell drugs puts two hippie bikers on a collision course with small-town prejudices.
407,Out of the Past,"Jeff Bailey seems to be a mundane gas station owner in remote Bridgeport, CA. He is dating local girl Ann Miller and lives a quiet life. But Jeff has a secret past, and when a mysterious stranger arrives in town, Jeff is forced to return to the dark world he had tried to escape."
444,Faces,"Middle-aged suburban husband Richard abruptly tells his wife, Maria, that he wants a divorce. As Richard takes up with a younger woman, Maria enjoys a night on the town with her friends and meets a younger man. As the couple and those around them confront a seemingly futile search for what they've lost -- love, excitement, passion -- this classic American independent film explores themes of aging and alienation."
452,Braindead,"When a Sumatran rat-monkey bites Lionel Cosgrove's mother, she's transformed into a zombie and begins killing (and transforming) the entire town while Lionel races to keep things under control."
468,The Fog,"Strange things begin to occurs as a tiny California coastal town prepares to commemorate its centenary. Inanimate objects spring eerily to life; Rev. Malone stumbles upon a dark secret about the town's founding; radio announcer Stevie witnesses a mystical fire; and hitchhiker Elizabeth discovers the mutilated corpse of a fisherman. Then a mysterious iridescent fog descends upon the village, and more people start to die."
515,Brief Encounter,"Returning home from a shopping trip to a nearby town, bored suburban housewife Laura Jesson is thrown by happenstance into an acquaintance with virtuous doctor Alec Harvey. Their casual friendship soon develops during their weekly visits into something more emotionally fulfilling than either expected, and they must wrestle with the potential havoc their deepening relationship would have on their lives and the lives of those they love."
546,The Flintstones in Viva Rock Vegas,"The Flintstones are at it again. The Flintstones and the Rubbles head for Rock Vegas with Fred hoping to court the lovely Wilma. Nothing will stand in the way of love, except for the conniving Chip Rockefeller who is the playboy born in Baysville but who has made it in the cutthroat town of Rock Vegas. Will Fred win Wilma's love?"
561,Blind Date,"When bachelor Walter Davis is set up with his sister-in-law's pretty cousin, Nadia Gates, a seemingly average blind date turns into a chaotic night on the town. Walter's brother, Ted, tells him not to let Nadia drink alcohol, but he dismisses the warning and her behaviour gets increasingly wild. Walter and Nadia's numerous incidents are made even worse as her former lover David relentlessly follows them around town."
563,Cars,"Lightning McQueen, a hotshot rookie race car driven to succeed, discovers that life is about the journey, not the finish line, when he finds himself unexpectedly detoured in the sleepy Route 66 town of Radiator Springs. On route across the country to the big Piston Cup Championship in California to compete against two seasoned pros, McQueen gets to know the town's offbeat characters."
570,Gremlins,"When Billy Peltzer is given a strange but adorable pet named Gizmo for Christmas, he inadvertently breaks the three important rules of caring for a Mogwai, and unleashes a horde of mischievous gremlins on a small town."
584,Halloween,"Fifteen years after murdering his sister on Halloween night 1963, Michael Myers escapes from a mental hospital and returns to the small town of Haddonfield, Illinois to kill again."
599,Spartacus,"The rebellious Thracian Spartacus, born and raised a slave, is sold to Gladiator trainer Batiatus. After weeks of being trained to kill for the arena, Spartacus turns on his owners and leads the other slaves in rebellion. As the rebels move from town to town, their numbers swell as escaped slaves join their ranks. Under the leadership of Spartacus, they make their way to southern Italy, where they will cross the sea and return to their homes."
605,The Ox-Bow Incident,"Gil Carter and Art Croft ride into a small Nevada town plagued by cattle thieves. Initially suspected of being the rustlers themselves, Carter and Croft eventually join a posse out to get the criminals, who also may be involved in a recent shooting. When the posse closes in on a group that could be the fugitives, they must decide on a course of action, with numerous lives hanging in the balance."
615,The Hustler,Fast Eddie Felson is a small-time pool hustler with a lot of talent but a self-destructive attitude. His bravado causes him to challenge the legendary Minnesota Fats to a high-stakes match.
619,Straw Dogs,"David Sumner, a mild-mannered academic from the United States, marries Amy, an Englishwoman. In order to escape a hectic stateside lifestyle, David and his wife relocate to the small town in rural Cornwall where Amy was raised. There, David is ostracized by the brutish men of the village, including Amy's old flame, Charlie. Eventually the taunts escalate, and two of the locals rape Amy. This sexual assault awakes a shockingly violent side of David."
705,Breakfast on Pluto,"In the 1970s, a foundling lad, Patrick ""Kitten"" Braden, comes of age by leaving his Irish town for London, in part to look for his mother and in part because his transgender nature is beyond the town's understanding."
734,Cool as Ice,"Johnny, a freewheeling, motorcycle-riding musician, rolls into a small town with his band, and meets Kathy, an honor student who catches his eye. Meanwhile, Kathy's father, after being in the Witness Protection Program, is finally found by the two corrupt cops he escaped from years ago, who claim he owes them a lot of money."
737,Teenage Mutant Ninja Turtles III,"The four turtles travel back in time to the days of the legendary and deadly samurai in ancient Japan, where they train to perfect the art of becoming one. The turtles also assist a small village in an uprising."
747,The Lost Boys,A mother and her two teenage sons move to a seemingly nice and quiet small coastal California town yet soon find out that it's overrun by bike gangs and vampires. A couple of teenage friends take it upon themselves to hunt down the vampires that they suspect of a few mysterious murders and restore peace and calm to their town.
770,What's Eating Gilbert Grape,"Gilbert Grape is a small-town young man with a lot of responsibility. Chief among his concerns are his mother, who is so overweight that she can't leave the house, and his mentally impaired younger brother, Arnie, who has a knack for finding trouble. Settled into a job at a grocery store and an ongoing affair with local woman Betty Carver, Gilbert finally has his life shaken up by the free-spirited Becky."
778,Population 436,A census-taker is sent to investigate why a certain small town has had the same population -- 436 residents -- for the last 100 years.
780,Cape Fear,"Sam Bowden is a small-town corporate attorney. Max Cady is a tattooed, cigar-smoking, Bible-quoting, psychotic rapist. What do they have in common? Fourteen years ago, Sam was a public defender assigned to Max Cady's rape trial, and he made a serious error: he hid a document from his illiterate client that could have gotten him acquitted. Now, the cagey Cady has been released, and he intends to teach Sam Bowden and his family a thing or two about loss."
783,When Saturday Comes,"Jimmy Muir comes from a typical gritty, northern town where there are only two options: working down the pit or in a factory. But Jimmy has other ideas - he dreams of becoming a professional footballer. Confronted by a bitter and unsupportive father, hard drinking friends and a lifetime of bad habits...has Jimmy the will to achieve his ultimate goal?"
794,Mississippi Burning,"Two FBI agents investigating the murder of civil rights workers during the 60s seek to breach the conspiracy of silence in a small Southern town where segregation divides black and white. The younger agent trained in FBI school runs up against the small town ways of his partner, a former sheriff."
819,The Reaping,"Katherine Morrissey, a former Christian missionary, lost her faith after the tragic deaths of her family. Now she applies her expertise to debunking religious phenomena. When a series of biblical plagues overrun a small town, Katherine arrives to prove that a supernatural force is not behind the occurrences, but soon finds that science cannot explain what is happening. Instead, she must regain her faith to combat the evil that waits in a Louisiana swamp."
869,Footloose,"When teenager Ren and his family move from big-city Chicago to a small town in the West, he's in for a real case of culture shock after discovering he's living in a place where music and dancing are illegal."
902,Poodle Springs,"Private eye Philip Marlowe and his bride move to a desert town, where he uncovers a land scheme."
948,Twin Peaks: Fire Walk with Me,"In the questionable town of Deer Meadow, Washington, FBI Agent Desmond inexplicably disappears while hunting for the man who murdered a teen girl. The killer is never apprehended, and, after experiencing dark visions and supernatural encounters, Agent Dale Cooper chillingly predicts that the culprit will claim another life. Meanwhile, in the more cozy town of Twin Peaks, hedonistic beauty Laura Palmer hangs with lowlifes and seems destined for a grisly fate."
965,Nell,"In a remote woodland cabin, a small town doctor discovers Nell - a beautiful young hermit woman with many secrets."
976,My Name Is Bruce,B Movie Legend Bruce Campbell is mistaken for his character Ash from the Evil Dead trilogy and forced to fight a real monster in a small town in Oregon.
1010,Mr. Deeds,"When Longfellow Deeds, a small-town pizzeria owner and poet, inherits $40 billion from his deceased uncle, he quickly begins rolling in a different kind of dough. Moving to the big city, Deeds finds himself besieged by opportunists all gunning for their piece of the pie. Babe, a television tabloid reporter, poses as an innocent small-town girl to do an exposé on Deeds."
1060,Viva Las Vegas,"Lucky Jackson arrives in town with his car literally in tow ready for the first Las Vegas Grand Prix - once he has the money to buy an engine. He gets the cash easily enough but mislays it when the pretty swimming pool manageress takes his mind off things. It seems he will lose both race and girl, problems made more difficult by rivalry from Elmo Mancini, fellow racer and womaniser."
1061,Raw Deal,"Mark Kaminsky is kicked out of the FBI for his rough treatment of a suspect. He winds up as the sheriff of a small town in North Carolina. FBI Chief Harry Shannon, whose son has been killed by a mobster named Patrovina, enlists Kaminsky in a personal vendetta with a promise of reinstatement into the FBI if Patrovina is taken down. To accomplish this, he must go undercover and join Patrovina's gang."
1088,Cop Land,"Freddy Heflin is the sheriff of a place everyone calls “Cop Land” — a small and seemingly peaceful town populated by the big city police officers he’s long admired. Yet something ugly is taking place behind the town’s peaceful facade. And when Freddy uncovers a massive, deadly conspiracy among these local residents, he is forced to take action and make a dangerous choice between protecting his idols and upholding the law."
1104,Breakdown,"When his SUV breaks down on a remote Southwestern road, Jeff Taylor lets his wife, Amy, hitch a ride with a trucker to get help. When she doesn't return, Jeff fixes his SUV and tracks down the trucker -- who tells the police he's never seen Amy. Johnathan Mostow's tense thriller then follows Jeff's desperate search for his wife, which eventually uncovers a small town's murderous secret."
1157,Kafka,"Kafka, an insurance worker gets embroiled in an underground group after a co-worker is murdered. The underground group is responsible for bombings all over town, attempting to thwart a secret organization that controls the major events in society. He eventually penetrates the secret organization and must confront them."
1228,The Mothman Prophecies,Reporter John Klein is plunged into a world of impossible terror and unthinkable chaos when fate draws him to a sleepy West Virginia town whose residents are being visited by a great winged shape that sows hideous nightmares and fevered visions.
1264,"The Adventures of Priscilla, Queen of the Desert","Two drag queens and a transgender woman contract to perform a drag show at a resort in Alice Springs, a town in the remote Australian desert. As they head west from Sydney aboard their lavender bus, Priscilla, the three friends come to the forefront of a comedy of errors, encountering a number of strange characters, as well as incidents of homophobia, whilst widening comfort zones and finding new horizons."
1308,Return of the Ghostbusters,"The mile high city is rocked when an ancient Egyptian menace comes to town, and the Denver Ghostbusters must return to save the universe once more."
1386,My Darling Clementine,"Wyatt Earp and his brothers Morgan and Virgil ride into Tombstone and leave brother James in charge of their cattle herd. On their return they find their cattle stolen and James dead. Wyatt takes on the job of town marshal, making his brothers deputies, and vows to stay in Tombstone until James' killers are found. He soon runs into the brooding, coughing, hard-drinking Doc Holliday as well as the sullen and vicious Clanton clan. Wyatt discovers the owner of a trinket stolen from James' dead body and the stage is set for the Earps' long-awaited revenge."
1465,Return from Death: Frankenstein 2000,"When a woman is beaten into a coma and saved from being raped by her handyman (Donald O'Brien), the local security force does a cover-up to save the town's reputation and frames the saviour. After he hangs himself, the woman's strange comatose psi-powers revive him from the dead to exact revenge."
1528,I'll Always Know What You Did Last Summer,"Several teenagers in a small-town in Colorado concoct a July 4th prank based on a frightening legend that goes awry when their friend ends up accidentally killed; however, the teens agree to keep their involvement a secret from the authorities, who continue to search for the man who apparently killed their friend. A year later, with the July 4th celebration coming up again, the teenagers realize that they're being stalked by someone who clearly intends on keeping the horrible legend alive by killing them off."
1579,Critters,A massive ball of furry creatures from another world eat their way through a small mid-western town followed by intergalactic bounty hunters opposed only by militant townspeople.
1626,Scary Movie,"On Halloween night, big-time nerd Warren attends a spookhouse in a small Texas town. But is the haunted house as harmless as it seems, or has a psychotic mental patient found a new stomping ground?"
1687,30 Days of Night,"This is the story of an isolated Alaskan town that is plunged into darkness for a month each year when the sun sinks below the horizon. As the last rays of light fade, the town is attacked by a bloodthirsty gang of vampires bent on an uninterrupted orgy of destruction. Only the small town's husband-and-wife Sheriff team stand between the survivors and certain destruction."
1716,Scorched,"Three mischievous employees of a bank in a small deserted town all make plans to rob it at the same time, however none of them knows about the others."
1727,Jindabyne,"Stewart Kane, an Irishman living in the Australian town of Jindabyne, is on a fishing trip in isolated hill country with three other men when they discover the body of a murdered girl in the river. Rather than return to the town immediately, they continue fishing and report their gruesome find days later. The story of a murder and a marriage - a film about the things that haunt us."
1734,The Lady Vanishes,"Remake of Alfred Hitchcock's 1938 classic. On the eve of the Second World War, a train carrying an assortment of passengers, pulls out of a small town in Bavaria. When one of the passengers, a kindly old lady, mysteriously disappears the other passengers are led into confrontation with the Nazis and a desperate race for freedom."
1775,The Fourth Protocol,"Led by Kim Philby, Plan Aurora is a plan that breaches the top-secret Fourth Protocol and turns the fears that shaped it into a living nightmare. A crack Soviet agent, placed under cover in a quiet English country town, begins to assemble a nuclear bomb, whilst an MI5 agent attempts to prevent it's detonation."
1788,Firecreek,"A peace-loving, part-time sheriff in the small town of Firecreek must take a stand when a gang of vicious outlaws takes over his town."
1821,Shark,"A gunrunner loses his cargo near a small coastal Sudanese town so he's stuck there. When a woman hires him to raid a sunken ship in the shark-infested waters, he sees a chance to compensate for his losses. He's not the only one."
1842,Carry On Cowboy,"Stodge City is in the grip of the Rumpo Kid and his gang. Mistaken identity again takes a hand as a 'sanitary engineer' named Marshal P. Knutt is mistaken for a law marshal. Being the conscientious sort, Marshal tries to help the town get rid of Rumpo, and a showdown is inevitable. Marshal has two aids—revenge-seeking Annie Oakley and his sanitary expertise."
1915,Neowolf,"When an aspiring rock musician Tony returns to his college town to make up with his estranged girlfriend Rosemary, he finds his life taking an unexpected turn to the dark side when he encounters a mysterious rock band Neowolf led by rocker Vince and the alluring band girl Paula.  When Rosemary's best friend Kevin turns up dead, Rosemary seeks out a nursery owner Mrs. Belakov who knows the secrets of an ancient evil."
1930,Sister's Keeper,"Military-trained hitman, Jacob Tate (Kent Faulcon), has been sent by his handler (Eric Roberts) to a small Southern town with orders to eliminate a beautiful English teacher, Diane Shaw (Denise Boutte). When Diane mistakes Jacob for her long-lost brother, he uses the guise to find the perfect moment to kill her, but soon finds himself drawn into her frank and colorful family. Now this professional assassin is left to choose between executing what should be an easy murder-for-hire and trying to solve the mystery of who would want the innocent Diane dead."
1944,Wild Gals of the Naked West,"An old geezer recalls some of the antics of the men and women of his western town, more wild and woolly than Tombstone or Dodge City. In this town no one is a good shot, the women are hungry for new meat, and practical jokers abound. A stranger strolls into town, proving resistant to the mayhem, and after donning some cowboy duds begins cleaning up that town."
1959,"Elvira, Mistress of the Dark","When her great aunt dies, famed horror hostess Elvira heads for the uptight new England town of Falwell to claim her inheritance of a haunted house, a witch's cookbook and a punk rock poodle. But once the stuffy locals get an eyeful of the scream queen's ample assets, all hell busts out & breaks loose."
2008,Circuit,"John, a gay Illinois small town cop moves to Los Angeles, hoping to fit into a place more welcoming of his sexuality. He soon discovers the ""circuit,"" where he meets an insecure hustler, who draws John into drug abuse and illicit sex."
2056,Junior Bonner,"McQueen is Junior Bonner, an aging rodeo champ who returns to his home town to participate in the annual rodeo. He finds his family estranged, does what he can to help, and then moves on ... after some good rodeo riding and a few brawls."
2086,The Patriot,"A deadly virus threatens to wipe out an entire Rocky Mountain town, leaving the town doctor to find some way to escape the soldiers who enforce the town's quarantine and devise an antidote. Matters take a more deadly turn after the physician is captured by a dangerously unstable band of militia extremists."
2121,Crime Spree,"An out-of-town heist becomes a nightmare for a crew of French burglars when they mistakenly rob the head of the Chicago mafia. Unaccustomed to the ways of the American underworld, it is not long before they have the mafia, the FBI and a couple of street gangs on their backs as they attempt to make their way back to Paris."
2155,Arachnophobia,"A large spider from the jungles of South America is accidentally transported in a crate with a dead body to America where it mates with a local spider. Soon after, the residents of a small California town disappear as the result of spider bites from the deadly spider offspring. It's up to a couple of doctors with the help of an insect exterminator to annihilate these eight legged freaks."
2158,The Dukes of Hazzard,"Cousins, Bo and Luke Duke, with the help of their eye-catching cousin, Daisy and moonshine-running Uncle Jesse, try and save the family farm from being destroyed by Hazzard County's corrupt commissioner, Boss Hogg. Their efforts constantly find the 'Duke Boys' eluding authorities in 'The General Lee', their 1969 orange Dodge Charger that keeps them one step ahead of the dimwitted antics of the small southern town's Sheriff, Roscoe P. Coltrane."
2174,Keoma,"Half-breed Keoma returns to his border hometown after service in the Civil War and finds it under the control of Caldwell, an ex-Confederate raider, and his vicious gang of thugs. To make matters worse, Keoma's three half-brothers have joined forces with Caldwell, and make it painfully clear that his return is an unwelcome one. Determined to break Caldwell and his brothers' grip on the town, Keoma partners with his father's former ranch hand to exact violent revenge."
2186,UFOria,"Sheldon Bart (Fred Ward) is a drifter, and a small-time con man. He meets his old friend, Brother Bud (Harry Dean Stanton), a big-time con man into faith healing and fencing stolen cars, at his revival tent outside a small town. While he's helping Brother Bud, he falls in love with Arlene (Cindy Williams), a local supermarket clerk who believes in UFOs and is deeply religious and deeply lonely. When Arlene has a vision of a coming UFO, everyone deals with it in their own way."
2202,Outbreak,"A deadly airborne virus finds its way into the USA and starts killing off people at an epidemic rate. Col Sam Daniels' job is to stop the virus spreading from a small town, which must be quarantined, and to prevent an over reaction by the White House."
2227,The Day After,"In the mid-1980s, the U.S. is poised on the brink of nuclear war. This shadow looms over the residents of a small town in Kansas as they continue their daily lives. Dr. Russell Oakes maintains his busy schedule at the hospital, Denise Dahlberg prepares for her upcoming wedding, and Stephen Klein is deep in his graduate studies. When the unthinkable happens and the bombs come down, the town's residents are thrust into the horrors of nuclear winter."
2294,Knockaround Guys,Four sons of well-known New York mobsters must retrieve a bag of cash from a small Montana town ruled by a corrupt sheriff.
2350,Punch-Drunk Love,A socially awkward and volatile small business owner meets the love of his life after being threatened by a gang of scammers.
2352,The Three Burials of Melquiades Estrada,"When brash Texas border officer Mike Norton wrongfully kills and buries the friend and ranch hand of Pete Perkins, the latter is reminded of a promise he made to bury his friend, Melquiades Estrada, in his Mexican home town. He kidnaps Norton and exhumes Estrada's corpse, and the odd caravan sets out on horseback for Mexico."
2385,8MM,"A small, seemingly innocuous plastic reel of film leads surveillance specialist Tom Welles down an increasingly dark and frightening path. With the help of the streetwise Max, he relentlessly follows a bizarre trail of evidence to determine the fate of a complete stranger. As his work turns into obsession, he drifts farther and farther away from his wife, family and simple life as a small-town PI."
2411,The Naked Man,A man takes matters into his own hands when a pharmaceutical kingpin moves into his town to cause some real trouble.
2413,Blindness,"When a sudden plague of blindness devastates a city, a small group of the afflicted band together to triumphantly overcome the horrific conditions of their imposed quarantine."
2454,Top of the Food Chain,"An isolated Canadian town (populated by the weirdest group of people this side of Saturn) has seen its share of problems. First the nut factory closed, then the CATV antenna stopped broadcasting, and now something is gruesomely devouring the townsfolk! Can visiting atomic scientist (and expert on ""cool fusion"") Dr. Karel Lamonte solve the mystery before everyone disappears?"
2507,Eagle vs Shark,"Love blossoms for Lily over double Meaty Boy burgers at mid-day when uber-computer nerd Jarrod comes in and leaves with free extra large fries.  After gatecrashing Jarrod's party and proving her skills on the game console, Lily goes down to Jarrod's home town with him so he can settle an old score with a past school bully."
2543,Eight Legged Freaks,"The residents of a rural mining town discover that an unfortunate chemical spill has caused hundreds of little spiders to mutate overnight to the size of SUVs. It's then up to mining engineer Chris McCormack and Sheriff Sam Parker to mobilize an eclectic group of townspeople, including the Sheriff's young son, Mike, her daughter, Ashley, and paranoid radio announcer Harlan, into battle against the bloodthirsty eight-legged beasts."
2552,Pale Rider,A small gold mining camp is terrorised by a ruthless land owner wanting to take their land. Clint Eastwood arrives riding a pale horse just as a young girl is praying to God to help the miners. He is revealed to be a preacher with mysterious and possible otherworldly origins who teams up with the miners to defeat the land owner and the corrupt sheriff.
2571,I Love You Phillip Morris,"Steve Russell is a small-town cop. Bored with his bland lifestyle, Russell turns to fraud as a means of shaking things up. Before long, Russell's criminal antics have landed him behind bars, where he encounters the charismatic Phillip Morris. Smitten, Russell devotes his entire life to being with Morris regardless of the consequences."
2583,The War of the Worlds,"The residents of a small town are excited when a flaming meteor lands in the hills, until they discover it is the first of many transport devices from Mars bringing an army of invaders invincible to any man-made weapon, even the atomic bomb."
2594,Undead,"A quaint Australian fishing village is overcome by meteorites that turn its residents into the ravenous undead, leaving a small group of those unharmed to find a way out."
2620,Slither,"A small town is taken over by an alien plague, turning residents into zombies and all forms of mutant monsters."
2646,Tarantula,"A lone-wolf scientist sequestered in a mansion near a small desert town arouses the suspicion of the town's doctor when his lab assistant is found dead from a case of acromegaly which took only four days to develop.  As the doctor investigates, aided by the scientist's new, and very female, assistant, they discover that, far worse, something much larger and hungrier than it ever should be,  is devouring local cattle - and humans - in increasingly large quantities."
2655,"To Wong Foo, Thanks for Everything! Julie Newmar","Three New York drag queens on their way to Hollywood for a beauty pageant get stranded in a small Midwestern town for the entire weekend when their car breaks down. While waiting for parts for their Cadillac convertible, the flamboyant trio shows the local homophobic rednecks that appearing different doesn't mean they don't have humanity in common."
2689,Beautiful Girls,"During a snowy winter in the small fictional town of Knight's Ridge, Massachusetts, a group of lifelong buddies hang out, drink and struggle to connect with the women who affect their decisions, dreams and desires."
2697,John Tucker Must Die,"After discovering they are all dating the same same guy, three popular students from different cliques band together for revenge, so they enlist the help of a new gal in town and conspire to break the jerk's heart, while destroying his reputation."
2719,Karma,Vikram and his American wife Anna travel to India to meet Vikram's estranged father. The small town of Ooty is oddly familiar to Anna who becomes haunted by visions of a murder that happened thirty years ago.
2744,Tremors,"Hick handymen Val McKee and Earl Bassett can barely eke out a living in the Nevada hamlet of Perfection, so they decide to leave town -- despite an admonition from a shapely seismology coed who's picking up odd readings on her equipment. Before long, Val and Earl discover what's responsible for those readings: 30-foot-long carnivorous worms with a proclivity for sucking their prey underground."
2780,Money Talks,"Sought by police and criminals, a small-time huckster makes a deal with a TV newsman for protection."
2818,Cookie's Fortune,Conflict arises in the small town of Holly Springs when an old woman's death causes a variety of reactions among family and friends.
2925,Dante's Peak,"Volcanologist Harry Dalton comes to the sleepy town of Dante's Peak to investigate the recent rumblings of the dormant volcano the burg is named for. Before long, his worst fears are realized when a massive eruption hits, and immediately, Harry, the mayor and the townspeople find themselves fighting for their lives amid a catastrophic nightmare."
2975,Straight to Hell,"A gang of bank robbers with a suitcase full of money go to the desert to hide out. After burying the loot, they find their way to a surreal town full of cowboys who drink an awful lot of coffee."
2983,The Wicker Man,"A sheriff investigating the disappearance of a young girl from a small island discovers there's a larger mystery to solve among the island's secretive, neo-pagan community."
3074,Phantoms,"In the peaceful town of Snowfield, Colorado something evil has wiped out the community. And now, its up to a group of people to stop it, or at least get out of Snowfield alive."
3096,Ginger Snaps,"The story of two outcast sisters, Ginger and Brigitte, in the mindless suburban town of Bailey Downs. On the night of Ginger's first period, she is savagely attacked by a wild creature. Ginger's wounds miraculously heal but something is not quite right. Now Brigitte must save her sister and save herself."
3110,The Stepford Wives,"What does it take to become a Stepford wife, a woman perfect beyond belief? Ask the Stepford husbands, who've created this high-tech, terrifying little town."
3132,Deepwater,A drifter comes to the town of Deepwater and is seduced into a twisted game of deceit and murder.
3171,Bad Taste,"A team from the intergalactic fast food chain Crumb's Crunchy Delights descends on Earth, planning to make human flesh the newest taste sensation. After they wipe out the New Zealand town Kaihoro, the country’s Astro-Investigation and Defense Service (AIaDS) is called in to deal with the problem. Things are complicated due to Giles, an aid worker who comes to Kaihoro the same day to collect change from the residents. He is captured by the aliens, and AIaDS stages a rescue mission that quickly becomes an all-out assault on the aliens’ headquarters."
3204,Desperation,"When a sheriff arrests a writer, a family, a couple, and a hitchiker and throws them in a jail cell in the deserted town of Desperation, they must fight for their lives."
3217,The Wraith,"Packard Walsh and his motorized gang control and terrorize an Arizona desert town where they force drivers to drag-race so they can 'win' their vehicles. After Walsh beats the decent teenager Jamie Hankins to death after finding him with his girlfriend, a mysterious power creates Jake Kesey, an extremely cool motor-biker who has a car which is invincible. Jake befriends Jamie's girlfriend Keri Johnson, takes Jamie's sweet brother Bill under his wing and manages what Sheriff Loomis couldn't; eliminate Packard's criminal gang the hard way..."
3228,Very Bad Things,"Kyle Fisher has one last night to celebrate life as a single man before marrying Laura, so he sets out to Vegas with four of his best buddies. But a drug and alcohol filled night on the town with a stripper who goes all the way, turns into a cold night in the desert with shovels when the stripper goes all the way into a body bag after dying in their bathroom. And that's just the first of the bodies to pile up before Kyle can walk down the aisle..."
3283,Evil's City,"Reporters uncover the dark secret behind Acheron, a shadowy town whose inhabitants have mysteriously died."
3328,U Turn,"When Bobby's car breaks down in the desert while on the run from some of the bookies who have already taken two of his fingers, he becomes trapped in the nearby small town where the people are stranger than anyone he's encountered. After becoming involved with a young married woman, her husband hires Bobby to kill her. Later, she hires Bobby to kill the husband."
3382,The Sweet Hereafter,"A small mountain community in Canada is devastated when a school bus accident leaves more than a dozen of its children dead. A big-city lawyer arrives to help the survivors' and victims' families prepare a class-action suit, but his efforts only seem to push the townspeople further apart. At the same time, one teenage survivor of the accident has to reckon with the loss of innocence brought about by a different kind of damage."
3390,Foxfire,A part-Indian mining engineer looks for gold in an Arizona ghost town with his socialite bride.
3401,Metamorphosis,"In the Seventeenth Century, while Hungary is fighting the Turks, the population of a small village in..."
3407,Yentl,"Rebbe Mendel is a single father who teaches the Talmud, a sacred text of Judaism, to the boys of his small Polish town. Behind closed doors, he also instructs his daughter, Yentl, despite the fact that girls are forbidden to study religious scripture. When Yentl's father dies, she still has a strong desire to learn about her faith -- so she disguises herself as a male, enrolls in a religious school, and unexpectedly finds love along the way."
3448,Lady and the Tramp,"Lady, a golden cocker spaniel, meets up with a mongrel dog who calls himself the Tramp. He is obviously from the wrong side of town, but happenings at Lady's home make her decide to travel with him for a while."
3549,Cujo,"A friendly St. Bernard named ""Cujo"" contracts rabies and conducts a reign of terror on a small American town."
3550,Drop Dead Gorgeous,"In a small Minnesota town, the annual beauty pageant is being covered by a TV crew. Former winner Gladys Leeman wants to make sure her daughter follows in her footsteps; explosions, falling lights, and trailer fires prove that. As the Leemans are the richest family in town, the police are pretty relaxed about it all. Despite everything, main rival (but sweet) Amber Atkins won't give up without a fight."
3558,The Man Without a Face,"Justin McLeod is a former teacher who lives as a recluse on the edge of town after his face is disfigured from an automobile accident ten years earlier, in which a boy was incinerated—and for which he was convicted of involuntary manslaughter."
3634,The King Is Alive,"Stranded in the heat of a barren African desert, eleven bus-passengers shelter in the remnants of an abandoned town. As rescue grows more remote by the day and anxiety deepens, an idea emerges: why not stage a play. However the choice of King Lear only manages to plunge this disparate group of travelers into turmoil as they struggle to overcome both nature's wrath and their own morality."
3644,In the Heat of the Night,An African American detective is asked to investigate a murder in a racist southern town.
3662,Needful Things,"A mysterious new shop opens in a small town which always seems to stock the deepest desires of each shopper, with a price far heavier than expected."
3711,Darkness Falls,"A vengeful spirit has taken the form of the Tooth Fairy to exact vengeance on the town that lynched her 150 years earlier. Her only opposition is the only child, now grown up, who has survived her before."
3728,Waitress,"Jenna is a pregnant, unhappily married waitress in the deep south. She meets a newcomer to her town and falls into an unlikely relationship as a last attempt at happiness."
3742,The Man Who Wasn't There,"A tale of murder, crime and punishment set in the summer of 1949. Ed Crane, a barber in a small California town, is dissatisfied with his life, but his wife Doris' infidelity and a mysterious opportunity presents him with a chance to change it."
3743,The Frighteners,"Once an architect, Frank Bannister now passes himself off as an exorcist of evil spirits. To bolster his facade, he claims his ""special"" gift is the result of a car accident that killed his wife. But what he does not count on is more people dying in the small town where he lives. As he tries to piece together the supernatural mystery of these killings, he falls in love with the wife of one of the victims and deals with a crazy FBI agent."
3763,Children of the Corn,A boy preacher named Isaac goes to a town in Nebraska called Gatlin and gets all the children to murder every adult in town.
3765,Bird's Nest - Herzog & de Meuron in China,"Schaub and Schindelm’s documentary follows two Swiss star architects, Jacques Herzog and Pierre de Meuron, on two very different projects: the national stadium for the Olympic summer games in Peking 2008 and a city area in the provincial town of Jinhua, China."
3766,Tremors 3: Back to Perfection,"Burt Gummer returns home to Perfection, Nev., to find that the town of terror has become a theme park, and when the simulated giant worm attacks turn real, the survivalist must battle the creatures once again. Gummer pits his impressive knowledge of weaponry against the newest and deadliest generation of flesh-eating graboids, with help from two young entrepreneurs."
3770,Dagon,"A boating accident off the coast of Spain sends Paul and his girlfriend Barbara to the decrepit fishing village of Imboca. As night falls, people start to disappear and things not quite human start to appear. Paul is pursued by the entire town. Running for his life, he uncovers Imboca's secret..they worship Dagon, a monstrous god of the sea...and Dagon's unholy offspring are on the loose..."
3776,Out of the Blue,"Ordinary people find extraordinary courage in the face of madness. On 13–14 November 1990 that madness came to Aramoana, a small New Zealand seaside town, in the form of a lone gunman with a high-powered semi-automatic rifle. As he stalked his victims the terrified and confused residents were trapped for 24 hours while a handful of under-resourced and under-armed local policemen risked their lives trying to find him and save the survivors. Based on true events."
3781,Wicked Little Things,"Karen, Sarah, and Emma Tunney are all moving to a small town in Pennsylvania where, unknown to them, in 1913, a horrid mine accident trapped dozens of children alive, underground. But there's a problem. They're still alive."
3796,Muppet Treasure Island,"After telling the story of Flint's last journey to young Jim Hawkins, Billy Bones has a heart attack and dies just as Jim and his friends are attacked by pirates. The gang escapes into the town where they hire out a boat and crew to find the hidden treasure, which was revealed by Bones before he died. On their voyage across the seas, they soon find out that not everyone on board can be trusted."
3808,Tremors 4: The Legend Begins,"This prequel of the bone-chilling Tremors begins in the town of Rejection, Nev., in 1889, where 17 men die under mysterious circumstances. Spooked by recent events, the miners who populate the town leave in droves until there's nothing left but a shell of a community. It's up to the remaining residents to get to the bottom of the deaths -- but they must do so before they, too, are eradicated off the face of the planet."
3818,Inferno,"Eddie Lomax (Jean-Claude Van Damme) is a drifter who has been in a suicidal funk since the death of his close friend Johnny (Danny Trejo). Riding his motorcycle into a small desert town where Johnny once lived, Lomax is confronted by a gang of toughs, who beat him and steal his bike. However, Lomax is not a man to take an injustice lying down, and soon he begins exacting a violent revenge on the men who stole his motorcycle, with local handyman Jubal Early (Pat Morita) lending a hand and several area ladies offering aid and comfort."
3831,The Return of the Living Dead,"When foreman Frank shows new employee Freddy a secret military experiment in a supply warehouse in Louisville, Kentucky, the two klutzes accidentally release a gas that reanimates corpses into flesh-eating zombies. As the epidemic spreads throughout the town, and the creatures satisfy their hunger in gory and outlandish ways, Frank and Freddy fight to survive with the help of their boss and a mysterious mortician."
3855,Behind the Mask: The Rise of Leslie Vernon,"The next great psycho horror slasher has given a documentary crew exclusive access to his life as he plans his reign of terror over the sleepy town of Glen Echo, all the while deconstructing the conventions and archetypes of the horror genre for them."
3865,Halloween: The Curse of Michael Myers,"Six years ago, Michael Myers terrorized the town of Haddonfield, Illinois. He and his niece, Jamie Lloyd, have disappeared. Jamie was kidnapped by a bunch of evil druids who protect Michael Myers. And now, six years later, Jamie has escaped after giving birth to Michael's child. She runs to Haddonfield to get Dr. Loomis to help her again."
3927,Blazing Saddles,"A town—where everyone seems to be named Johnson—stands in the way of the railroad. In order to grab their land, robber baron Hedley Lemar sends his henchmen to make life in the town unbearable. After the sheriff is killed, the town demands a new sheriff from the Governor, so Hedley convinces him to send the town the first black sheriff in the west."
3935,The Majestic,"Set in 1951, a blacklisted Hollywood writer gets into a car accident, loses his memory and settles down in a small town where he is mistaken for a long-lost son."
3951,Pete's Dragon,"Pete, a young orphan, runs away to a Maine fishing town with his best friend a lovable, sometimes invisible dragon named Elliott! When they are taken in by a kind lighthouse keeper, Nora, and her father, Elliott's prank playing lands them in big trouble. Then, when crooked salesmen try to capture Elliott for their own gain, Pete must attempt a daring rescue."
3985,Lucky Luke,Lucky Luke becomes the Sheriff of Daisy Town and runs out all the criminals. Then the Dalton brothers arrive and try to get the Indians to break the peace treaty and attack the town.
4007,The Trouble with Harry,"Trouble erupts in a small, quiet New England town when a man's body is found in the woods. The problem is that almost everyone in town thinks that they had something to do with his death."
4091,Blood Simple,"The owner of a seedy small-town Texas bar discovers that one of his employees is having an affair with his wife. A chaotic chain of misunderstandings, lies and mischief ensues after he devises a plot to have them murdered."
4132,Sleepwalkers,"Charles Brady and his mother, Mary, are the last of a dying breed whose needs are not of this world.  They are Sleepwalkers - able to stay alive only by feeding on the life-force of the innocent, but destined to roam the earth, avoiding discovery while searching for their next victim.  That search takes them to the sleepy little town of Travis, Indiana, where beautiful teenager Tanya Robertson is about to become an unwilling pawn in their nightmarish fight for survival."
4170,Wilderness,"Juvenile delinquents are sent to a small British island after a fellow prisoner's death, where they must fight for survival."
4181,Silverado,"Four unwitting heroes cross paths on their journey to the sleepy town of Silverado. Little do they know the town where their family and friends reside has been taken over by a corrupt sheriff and a murderous posse. It's up to the sharp-shooting foursome to save the day, but first they have to break each other out of jail, and learn who their real friends are."
4190,View from the Top,A small-town woman tries to achieve her goal of becoming a flight attendant.
4194,The Sandlot,"In the summer of 1962, a new kid in town is taken under the wing of a young baseball prodigy and his rowdy team, resulting in many adventures."
4209,Invasion of the Body Snatchers,A small-town doctor learns that the population of his community is being replaced by emotionless alien duplicates.
4226,Support Your Local Sheriff!,"A quick-witted drifter wanders into a lawless town in the midst of a gold rush. Shocked by the prices of food and meals he reluctantly takes the job of sheriff by amazing the Mayor with his lightning quick, dead eye pistol accuracy. He makes the town council know that he is really just passing through on his way to Australia and he will pull up and leave anytime he chooses (including at the first sign of real trouble). His first day on the job he takes on the biggest, meanest ranching family and meets his klutzy love interest."
4308,Village of the Damned,"In a small English village everyone suddenly falls unconscious. When they awake every woman of child bearing age is pregnant. The resulting children have the same strange blond hair, eyes and a strong connection to each other."
4314,Rob Roy,"In the highlands of Scotland in the 1700s, Rob Roy tries to lead his small town to a better future, by borrowing money from the local nobility to buy cattle to herd to market. When the money is stolen, Rob is forced into a Robin Hood lifestyle to defend his family and honour."
4328,The Sweetest Thing,"Christina's love life is stuck in neutral. After years of avoiding the hazards of a meaningful relationship, one night while club-hopping with her girlfriends, she meets Peter, her perfect match. Fed up with playing games, she finally gets the courage to let her guard down and follow her heart, only to discover that Peter has suddenly left town. Accompanied by Courtney, she sets out to capture the one that got away."
4342,Jabberwocky,A medieval tale with Pythonesque humour: After the death of his father the young Dennis Cooper goes to town where he has to pass several adventures. The town and the whole kingdom is threatened by a terrible monster called 'Jabberwocky'. Will Dennis make his fortune? Is anyone brave enough to defeat the monster?
4390,High Plains Drifter,"A gunfighting stranger comes to the small settlement of Lago. After gunning down three gunmen who tried to kill him, the townsfolk decide to hire the Stranger to hold off three outlaws who are on their way."
4406,The Gods Must Be Crazy II,"Xixo is back again. This time, his children accidentally stow away on a fast-moving poachers' truck, unable to get off, and Xixo sets out to rescue them. Along the way, he encounters a couple of soldiers trying to capture each other and a pilot and passenger of a small plane, who are each having a few problems of their own."
4423,Tombstone,"Legendary marshal Wyatt Earp, now a weary gunfighter, joins his brothers Morgan and Virgil to pursue their collective fortune in the thriving mining town of Tombstone. But Earp is forced to don a badge again and get help from his notorious pal Doc Holliday when a gang of renegade brigands and rustlers begins terrorizing the town."
4451,The Quick and the Dead,"A mysterious woman comes to compete in a quick-draw elimination tournament, in a town taken over by a notorious gunman."
4467,Dennis the Menace,Mr. Wilson's ever-present annoyance comes in the form of one mischievous kid named Dennis. But he'll need Dennis's tricks to uncover a collection of gold coins that go missing when a shady drifter named Switchblade Sam comes to town.
4490,Ghosts of Goldfield,"A group of five led by Julie set up their filming equipment in the hotel of the derelict town of Goldfield, hoping to capture footage of the ghost of Elisabeth Walker, a maid tortured and killed in room 109. Troubled by visions, Julie discovers that a necklace, handed down to her from her grandmother, is somehow connecting her to this tragedy."
4512,The Stepford Wives,"Joanna Eberhart has come to the quaint little town of Stepford, Connecticut with her family, but soon discovers there lies a sinister truth in the all too perfect behavior of the female residents."
4527,9,"When 9 first comes to life, he finds himself in a post-apocalyptic world. All humans are gone, and it is only by chance that he discovers a small community of others like him taking refuge from fearsome machines that roam the earth intent on their extinction. Despite being the neophyte of the group, 9 convinces the others that hiding will do them no good."
4545,Mean Creek,"Teenagers living in small-town Oregon take a boat trip for a birthday celebration. When they get an idea to play a mean trick on the town bully, it suddenly goes too far. Soon they're forced to deal with the unexpected consequences of their actions."
4563,The Market: A Tale of Trade,"A Turkish small time black marketeer wants to enter the cell phone business. To get enough money, he promises the local doctor to get medicine for sick children."
4579,Breakfast of Champions,A portrait of a fictional town in the mid west that is home to a group of idiosyncratic and slightly neurotic characters. Dwayne Hoover is a wealthy car dealer-ship owner that's on the brink of suicide and is losing touch with reality.
4660,The Big Bounce,"A small-time con artist and a Hawaiian real estate developer's mischievous, enterprising mistress team up for a potential $200,000 score."
4663,Return of the Seven,"Chico one of the remaining members of The Magnificent Seven now lives in the town that they (The Seven) helped. One day someone comes and takes most of the men prisoner. His wife seeks out Chris, the leader of The Seven for help. Chris also meets Vin another member of The Seven. They find four other men and they go to help Chico."
4684,Sabotage,Karl Anton Verloc and his wife own a small cinema in a quiet London suburb where they live seemingly happily. But Mrs. Verloc does not know that her husband has a secret that will affect their relationship and threaten her teenage brother's life.
4687,Appaloosa,Two friends hired to police a small town that is suffering under the rule of a rancher find their job complicated by the arrival of a young widow.
4701,Big Business,"In the 1940s in the small town of Jupiter Hollow, two sets of identical twins are born in the same hospital on the same night. One set to a poor local family and the other to a rich family just passing through. The dizzy nurse on duty accidentally mixes the twins unbeknown to the parents. Our story flashes forward to the 1980s where the mismatched sets of twins are about to cross paths."
4705,Flashback,"A hippie radical, Huey Walker has been a fugitive for decades, accused of a crime that he may not have committed. Finally apprehended, Walker is escorted to trial by uptight 20-something FBI agent John Buckner. While the two seem to be polar opposites, it turns out that Buckner may have more in common with Walker than is initially apparent, a point that is driven home when the pair faces off against a sinister small-town sheriff."
4749,Dead Man's Shoes,A soldier returns home to his small town and exacts a deadly revenge on the thugs who tormented his dimwitted brother while he was away.
4834,Dance of the Dead,"With Prom only hours away, the usual suspects of Cosa High (Cheerleaders, geeks, bad boys and the happy-go-lucky student council alike) are preoccupied with the annual rituals of teendom. On the night of the big dance when the dead unexpectedly rise to eat the living, polar opposite groups will be forced to unite in their final chance to save the town from the zombies."
4855,All the Real Girls,"In a sleepy little mill town in North Carolina, Paul is the town Romeo. But when his best friend's sister returns home from boarding school, he finds himself falling for her innocent charm. In spite of her lack of experience and the violent protests of her brother, the two find themselves in a sweet, dreamy and all-consuming love."
4943,Conspiracy,A Gulf War veteran with PTSD (Kilmer) heads to a small town to find his friend. When he arrives his friend and his family have vanished and the townsfolk afraid to answer questions about their disappearance. He soon discovers that the town is owned and controlled by one man (Gary Cole) and he doesn't like people asking questions.
4959,China O'Brien,"China O'brien; big city police woman; martial arts trainer, is forced to hand in her badge and head home to her father and the small town where she grew up. The peaceful town she knew is now struggling against the clutches of organized crime. When her father, the town sheriff, is killed China decides to run for his position and clean up the town. The poll results spark a series of confrontations that finally decide who runs the town . . ."
4972,The Ghost & Mr. Chicken,"Luther Heggs, a typesetter for the town newspaper, pitches an idea for a story about a local haunted house where a famous murder/suicide occurred 20 years earlier. After the editor assigns Luther to spend one night alone in the mansion, Heggs has a number of supernatural encounters and writes a front page story that makes him a hometown hero...until the nephew of the deceased sues him for libel."
5019,Walk All Over Me,"Alberta, a mousy young woman with the survival skills of a snail, loses cash that isn't hers, so she runs from her small town to Seattle where her old babysitter, Celene, lives - a dominatrix with a classy apartment and a life plan. She lets Alberta stay. Alberta gets a job as a checker at a supermarket and becomes fascinated with Celene's work."
5023,Friday Night Lights,"A small, turbulent town in Texas obsesses over their high school football team to an unhealthy degree. When the star tailback, Boobie Miles, is seriously injured during the first game of the season, all hope is lost, and the town's dormant social problems begin to flare up. It is left to the inspiring abilities of new coach Gary Gaines to instill in the other team members -- and, by proxy, the town itself -- a sense of self-respect and honor."
5048,The Adventures of Ichabod and Mr. Toad,"The Wind in the Willows: Concise version of Kenneth Grahame's story of the same name. J. Thaddeus Toad, owner of Toad Hall, is prone to fads, such as the newfangled motor car. This desire for the very latest lands him in much trouble with the wrong crowd, and it is up to his friends, Mole, Rat and Badger to save him from himself. - The Legend of Sleepy Hollow: Retelling of Washington Irving's story set in a tiny New England town. Ichabod Crane, the new schoolmaster, falls for the town beauty, Katrina Van Tassel, and the town Bully Brom Bones decides that he is a little too successful and needs ""convincing"" that Katrina is not for him."
5055,Win a Date with Tad Hamilton!,"A small-town girl wins a date with a Hollywood star through a contest. When the date goes better than expected, a love triangle forms between the girl, the celebrity, and the girl's best friend."
5059,The Milagro Beanfield War,"In Milagro, a small town in the American Southwest, Ladd Devine plans to build a major new resort development. While activist Ruby Archuleta and lawyer/newspaper editor Charlie Bloom realize that this will result in the eventual displacement of the local Hispanic farmers, they cannot arouse much opposition because of the short term opportunities offered by construction jobs."
5109,The Funhouse,"Rebellious teen Amy defies her parents by going to a trashy carnival that has pulled into town. In tow are her boyfriend, Buzz, and their friends Liz  and Richie. Thinking it would be fun to spend the night in the campy ""Funhouse"" horror ride, the teens witness a murder by a deformed worker wearing a mask. Locked in, Amy and her friends must evade the murderous carnival workers and escape before it leaves town the next day."
5150,Day of the Dead,"When a small Colorado town is overrun by the flesh hungry dead, a small group of survivors try to escape in a last ditch effort to stay alive."
5181,The Music Man,"A con man comes to an Iowa town with a scam using a boy's marching band program, but things don't go according to plan."
5194,Piglet's Big Movie,"When the gang from the Hundred Acre Wood begin a honey harvest, young Piglet is excluded and told that he is too small to help. Feeling inferior, Piglet disappears and his pals Eeyore, Rabbit, Tigger, Roo and Winnie the Pooh must use Piglet's scrapbook as a map to find him. In the process they discover that this very small animal has been a big hero in a lot of ways."
5200,The Happy Elf,"The Happy Elf is a 3D-animated family holiday special & centres on the lovable character Eubie the Elf, whose quest is to bring Christmas joy to an entire town of naughty children in a gloomy little town called Bluesville. Based on Grammy-winner Harry Connick, Jr.’s original song, The Happy Elf."
5203,A Dirty Shame,"Sylvia Stickles runs a convenience store with her husband and mother-in-law. One day, Sylvia is hit on the head and transforms from an uptight prude to a sex-crazed lunatic. As she goes on a rampage through town, Sylvia attracts the attention of Ray Ray, a sexual healer and tow truck driver in search of the world's greatest orgasm. Their sexual revolution, however, causes a class war in their tiny Baltimore community."
5214,Missionary Man,A mysterious stranger rolls into town on a unique motorcycle. All he carries is the bible and a desire for justice. Past vengeance collides as Ryder rights an injustice from his past and liberates the small town from a malicious oppressor.
5218,A Town Without Christmas,"In the small town of Seacliff, Wash., a child's letter to Santa Claus captures the nation's attention. When the little boy, Chris, writes that he wishes to leave this world so he will no longer be a burden to his divorcing parents, a race begins to find him before he harms himself."
5229,Tuck Everlasting,"Teenager Winnie Foster is growing up in a small rural town in 1914 with her loving but overprotective parents, but Winnie longs for a life of greater freedom and adventure."
5237,Mercy,"After she is killed in a wave of small town hysteria, Mercy Hawkins is resurrected by a mysterious healer who gives her the power to seek justice against her attackers."
5252,Feast II: Sloppy Seconds,The monsters have made it into a small neighboring town in the middle of nowhere and the locals have to band with the survivors of the bar' slaughter to figure out how to survive.
5280,Rad,"A BMX racer, who lives in a small town with his mother and sister, is faced with a tough decision, qualify for Helltrack or take his SATs in order to attend college."
5334,The Craic,"When Fergus and Wesley get in the bad books of a local rough in their home town in Northern Ireland they decide to flee to Australia. After making a new life for themselves in Sydney they soon outstay their visas and must go on the run again, this time from the immigration officials."
5394,Black Sheep,"When dignified Albert Donnelly runs for Governor, his team moves to keep his slow-witted and klutzy younger brother, Mike, out of the eye of the media. To baby-sit Mike, the campaign assigns sarcastic Steve, who gets the experience of a lifetime when he tries to take Mike out of town during the election."
5397,Dead Silence,"Jamie returns to his hometown in search of answers to his wife's murder, which occurred after receiving a weird package containing a ventriloquist dummy named Billy, which may be linked to the legend of ventriloquist Mary Shaw. Destined to find out the truth, Jamie goes to the town of Raven's Fair, where Shaw used to perform and is buried. But Jamie is in for more than he expected."
5409,Raise Your Voice,"A coming-of-age story centered around a small-town singer brokenhearted by the death of her brother in a car crash, who had secretly submitted her for a summer session at a performing arts academy in Los Angeles. In the academy, she experiences a whole new way of life in the big city, far from the small town lifestyle she's used to."
5420,Nancy Drew,Intrepid teenage private eye Nancy Drew heads to Tinseltown with her father to investigate the unsolved murder of a movie star in this old-fashioned whodunit based on Carolyn Keene's popular series of books for young adults. But can the small-town girl cut through the Hollywood hype to solve the case?
5460,Calamity Jane,"Calamity Jane and Wild Bill Hickok fuss, feud and fall in love. At first, Calamity is too busy fighting Indians and cracking a bullwhip to pay attention to such girlie things as dresses and perfume. She soon changes her mind when Katie Brown arrives in town."
5486,Impulse,"After a small earthquake in a small and quiet town, local citizens start to have a bizarre, violent and self-destructive behavior..."
5494,Funny Farm,"Sportswriter Andy Farmer moves with his schoolteacher wife Elizabeth to the country in order to write a novel in relative seclusion. Of course, seclusion is the last thing the Farmers find in the small, eccentric town, where disaster awaits them at every turn."
5512,The Painted Veil,"A British medical doctor fights a cholera outbreak in a small Chinese village, while also being trapped at home in a loveless marriage to an unfaithful wife."
5527,Mortuary,"A family moves to a small town in California where they plan on starting a new life while running a long-abandoned funeral home. The locals fear the place, which is suspected to be on haunted ground"
5575,You Can Count on Me,"A single mother's life is thrown into turmoil after her struggling, rarely-seen younger brother returns to town."
5578,Somers Town,"Two teenagers, both newcomers to London, forge an unlikely friendship over the course of a hot summer. Tomo (Thomas Turgoose) is a runaway from Nottingham; Marek (Piotr Jagiello) lives in the district of Somers Town, between King's Cross and Euston stations, where his dad is working on a new rail link."
5621,Danny Deckchair,"Based on a true story, the tale of a cement truck driver named Danny, whose long awaited vacation is cancelled thanks to his scheming girlfriend, Trudy. Danny escapes his grim life in suburban Australia and blasts into the skies in a chair tied with helium balloons. A mighty thunderstorm blows him clean off the map, and spits him out far away over the lush green town of Clarence. In this new town, he rockets into the world of Glenda, the town's only parking cop. While the media back home becomes obsessed with the story of his disappearance, Danny gets to reinvent himself in this new town, and in his great adventure, he discovers a true soul mate in Glenda. Fate catches up with him eventually, as Danny's true identity is revealed and Trudy--now a tabloid celebrity--comes to the idyllic town to claim Danny and drag him back to Sydney. Danny, however, is a changed man; he's discovered what it means to be happy and has found a new self-worth."
5630,Body Heat,"In the midst of a searing Florida heat wave, a woman convinces her lover, a small-town lawyer, to murder her rich husband."
5636,Birds of America,"A regular guy struggles with a repressive home and professional life, as well as making amends for the trouble his free-spirited brother and sister cause about town."
5645,My Bloody Valentine,"Ten years ago, a tragedy changed the town of Harmony forever. Tom Hanniger, an inexperienced coal miner, caused an accident in the tunnels that trapped and killed five men and sent the only survivor, Harry Warden, into a permanent coma. But Harry Warden wanted revenge. Exactly one year later, on Valentine’s Day, he woke up…and brutally murdered twenty-two people with a pickaxe before being killed."
5688,Rudy,"Rudy grew up in a steel mill town where most people ended up working, but wanted to play football at Notre Dame instead. There were only a couple of problems. His grades were a little low, his athletic skills were poor, and he was only half the size of the other players. But he had the drive and the spirit of 5 people and has set his sights upon joining the team."
5698,Winchester '73,"Lin McAdam rides into town on the trail of Dutch Henry Brown, only to find himself in a shooting competition against him. McAdam wins the prize, a one-in-a-thousand Winchester rifle, but Dutch steals it and leaves town. McAdam follows, intent on settling his old quarrel, while the rifle keeps changing hands and touching a number of lives."
5743,Fury,"Joe, who owns a gas station along with his brothers and is about to marry Katherine, travels to the small town where she lives to visit her, but is wrongly mistaken for a wanted kidnapper and arrested."
5745,Bottoms Up,"Small-town bartender Owen Peadman goes to Los Angeles to raise money to help save his father's Minnesota restaurant. He tries to find a way into Hollywood society, where he meets socialite Lisa and her uptight actor boyfriend. Can he balance his growing feelings for Lisa with surviving the sordid lifestyles of the Hollywood elite?"
5750,Crooked Earth,"Will Bastion returns home from the army after an absence of 20 years to bury his father, the former chief of thee Maori tribe, Ngati Kaipuku. The eldest son, he is reluctant to inherit his fathers role, so it is taken more willingly by his younger brother, Kahu. Kahu is the leader of a band of drug dealers and trouble-makers who ride horses through the middle of town, wrecking peoples gardens. Under the guise of refusal of a land settlement, Kahu makes a large marijuana deal with some murdering city folk. Will must choose between loyalty for his brother and his father, Maori tradition, and contemporary financial issues."
5751,Fletch Lives,"Fletch is a fish out of water in small-town Louisiana, where he's checking out a tumbledown mansion he's inherited. When a woman he flirts with turns up dead, he becomes a suspect and must find the killer and clear his name."
5777,Man of the West,"Heading east to Fort Worth to hire a schoolteacher for his frontier town home, Link Jones is stranded with singer Billie Ellis and gambler Sam Beasley when their train is held up. For shelter, Jones leads them to his nearby former home, where he was brought up an outlaw. Finding the gang still living in the shack, Jones pretends to be ready to return to a life crime."
5815,Streets of Fire,"Raven Shaddock and his gang of merciless biker friends kidnap rock singer Ellen Aim. Ellen's former lover, soldier-for-hire Tom Cody, happens to be passing through town on a visit. In an attempt to save his star act, Ellen's manager hires Tom to rescue her. Along with a former soldier, they battle through dangerous cityscapes, determined to get Ellen back."
5822,Bookies,"Four college friends become small-time bookies, only to find their world spinning dangerously out of control when their greed attracts the attention of organized crime."
5839,Bubble,"Set against the backdrop of a decaying Midwestern town, a murder becomes the focal point of three people who work in a doll factory."
5892,The Hot Spot,"A loner moves in to a small Texas town, finds himself a job, and sets about plotting to rob the local bank."
5911,The Big Empty,"Struggling actor John Person agrees to drive a blue suitcase from Los Angeles to the small town of Baker, Calif., and hand it over to a mysterious cowboy in return for having his credit card debt of $27,000 paid off. Upon his arrival, John can't find the cowboy but receives an ominously head-shaped package he's supposed to hang onto. While waiting, John gets close to Ruthie, whose psychotic boyfriend, Randy, keeps threatening to kill him."
5952,Carver,"Based on a true story, Carver depicts the real life events of five 20-something's that went camping in the mountain town of Halcyon Ridge and never returned."
6032,A Little Trip to Heaven,"Insurance investigator Abraham Holt travels to a tiny town in rural Minnesota to look into a particularly unusual insurance claim stemming from a horrific car accident. As Holt examines the scene of the wreck, it all seems a bit too perfect. And when he interviews Isold Mcbride and her shifty husband, Fred -- the impoverished beneficiaries of the massive, recently initiated life-insurance policy -- he begins to suspect that something is amiss."
6088,Hulk vs. Wolverine,"Department H sends in Wolverine to track down a mysterious beast known by the US Military as the Hulk, who is rampaging across the Canadian wilderness. Surveying the extent of the damage to a destroyed town, Wolverine notices a toxic scent as well as the smell of gunpowder. He is then deployed to the wilderness to resume tracking the creature."
6095,Tall in the Saddle,When Rocklin (John Wayne) arrives in a western town he finds that the rancher who hired him as a foreman has been murdered. He is out to solve the murder and thwart the scheming to take the ranch from its rightful owner.
6134,Witless Protection,The story centers on a small-town sheriff who witnesses what he believes is a kidnapping and rushes to rescue a woman. The kidnappers turn out to be FBI agents assigned to protect her and deliver her to a big Enron-type corruption trial in Chicago but are later found to be on the take and are villains who are bent on killing her
6143,Weapons,"Weapons presents a series of brutal, seemingly random youth-related killings over the course of a weekend in a typical small town in America, and tragically reveals how they are all interrelated."
6162,The Plague,"All the worldwide children of less than nine years fall in coma at the same time. Ten years later, Tom Russel is released from prison after killing a man in a fight, and returns to his home town, more specifically to his older brother home, who has a son in coma. Tom intends to rebuild his life, but his ex-wife Jean Raynor is hurt and does not want to see him."
6191,Daniel's Daughter,"When a woman learns that her father has passed away, she must confront the past (and the town) she left behind."
6193,The Hamiltons,"The Hamiltons seem to be the picture-perfect American family. They are hardworking community members; giving to their local charities, attending town hall meetings and always respectful of their neighbors...except for the fact that they usually end up killing them."
6260,Fire in the Sky,"A group of men who were clearing brush for the government arrive back in town, claiming that their friend was abducted by aliens. Nobody believes them, and despite a lack of motive and no evidence of foul play, their friends' disappearance is treated as murder."
6289,Connie and Carla,"After accidentally witnessing a mafia hit in the Windy City, gal pals Connie and Carla skip town for L.A., where they go way undercover as singers working the city's dinner theater circuit ... as drag queens. Now, it's not enough that they become big hits on the scene; things get extra-weird when Connie meets Jeff -- a guy she'd like to be a woman with"
6304,A Canterbury Tale,Three modern day pilgrims investigate a bizarre crime in a small town on the way to Canterbury.
6411,Beer for My Horses,"""Beer for My Horses"" tells the story of two best friends that work together as deputies in a small town. The two defy the Sheriff and head off on an outrageous road trip to save the protagonist's girlfriend from drug lord kidnappers."
6415,Just Add Water,"An offbeat romantic comedy about a decent guy, Ray Tuckby, with a dead-end life in the dead-end town of Trona, CA. After encouragement from a stranger whom he happens upon, Ray begins to dream again. He sheds the parasites in his life, musters the nerve to pursue his childhood love, and finally takes back his community by toppling the local teenage Meth-baron."
6447,The Good Student,"When Ally, a popular teen and local celebrity goes missing, her small suburban town erupts in panic."
6503,Alice Doesn't Live Here Anymore,"After her husband dies, Alice and her son, Tommy, leave their small New Mexico town for California, where Alice hopes to make a new life for herself as a singer. Money problems force them to settle in Arizona instead, where Alice takes a job as waitress in a small diner."
6508,Sundown: The Vampire in Retreat,Reclusive vampires lounge in a lonely American town. They wear sun cream to protect themselves. A descendant of Van Helsing arrives with hilarious consequences.
6513,From Within,"When the citizens of a small evangelical town systematically begin committing suicide, a young girl struggling to reconcile her Christian upbringing with her desire to experience the outside world finds her faith put to the ultimate test."
6528,9/Tenths,"A wealthy couple battles a poor laborer over the rights to a small ranch house, but events take a shocking turn after an enormous terrorist attack cuts the three off from civilization."
6542,The Sons of Katie Elder,"The four sons of Katie Elder reunite in their Hometown of Clearwater, Texas for their Mother's funeral, and discover that the family ranch is now in the hands of Morgan Hastings, the town's gunsmith."
6577,Career Opportunities,"Josie, the daughter of the town's wealthiest businessman, faces problems at home and wishes to leave town but is disoriented. Her decision is finalized after she falls asleep in a Target dressing room. She awakens to find herself locked in the store overnight with the janitor, Jim, the town ""no hoper"" and liar."
6592,Killer Klowns from Outer Space,Aliens disguised as clowns crash land on Earth in a rural town to capture unsuspecting victims in cotton candy cocoons for later consumption.
6632,The Best Little Whorehouse in Texas,"The town sheriff and a madame team up to stop a television evangelist from shutting down the local whorehouse, the famed ""Chicken Ranch."""
6695,The Spirit of Christmas,"Four children, all but one of whom go unnamed, build a snowman which comes to life and threatens their town."
6734,Hans Christian Andersen,"A small-town shoemaker with a knack for spinning yarns, Hans encounters happiness and heartbreak on his road to becoming a full-fledged writer."
6820,Truman,"Biographical account of America's President for the latter part of WWII. Shows Truman's rise from small-town nobody to leader of the USA, his decision to use the Atomic Bomb against Japan, and subsequent election as the US' post-war President."
6832,Prairie Fever,"A group of women contracted a strange fever and a former sheriff is responsible for taking them to the hospital in the nearest town, but in their way they will encounter a gang of murderers. His only hope is a woman whose beauty is matched only by his skill with weapons."
6840,Intermission,"A raucous story of the interweaving lives and loves of small-town delinquents, shady cops, pretty good girls and very bad boys. With Irish guts and grit, lives collide, preconceptions shatter and romance is tested to the extreme. An ill-timed and poorly executed couple's break-up sets off a chain of events affecting everyone in town."
6882,The Amateurs,Sex sells in America and these guys know it. The Amateurs follows a small town band of loveable losers who hit upon an idea that can make their dreams and fantasies come true. Thinking they've found the road to riches and fame they decide to make the world's most innocent adult film. Everyman's fantasy turns into a hilarious misadventure when they find they're in way over their heads.
6921,Homegrown,"Three laborers on a Northern California marijuana plantation become increasingly paranoid when they learn that their boss has been murdered. They know enough to run, taking with them enough of the crop to pay them for services rendered. Hooking up with go-between Lucy in the next town, they plot their next move."
6923,Omega Doom,"After earth is taken over by an army of robots, the small number of humans left are forced into hiding. In the nuclear winter, only droids walk the face of the earth, in fear of the rumored human resurgence, and in search of a hidden cache of weapons. One robot, his evil circuits destroyed, enters a small town where a robot civil war is taking place."
6963,Blow Dry,"The annual British Hairdressing Championship comes to Keighley, a town where Phil and son Brian run a barbershop and Phil's ex-wife Shelly and her lover Sandra run a beauty salon."
7027,Their Eyes Were Watching God,"A drama set in the 1920s, where free-spirited Janie Crawford's search for happiness leads her through several different marriages, challenging the morals of her small town. Based on the novel by Zora Neale Hurston."
7060,Youngblood,A skilled young hockey prospect hoping to attract the attention of professional scouts is pressured to show that he can fight if challenged during his stay in a Canadian minor hockey town. His on-ice activities are complicated by his relationship with the coach's daughter.
7062,The Cradle,"When Frank and Julie move to a small isolated town with their son Sam, both Julie and Sam become ill. Driven by terrifying nightmares of torture that come true Frank begs a local midwife Helen to care for Sam as he desperately searches for a way to stop this curse on his family."
7100,S. Darko,"S. Darko follows Samantha Darko, the younger sister of Donnie, the protagonist of Donnie Darko, and her friend Corey. On their way to California, their car breaks down, forcing them to wait in a small town until it is fixed. While there, Samantha begins to have dreams that warn her of the end of the universe."
7106,Rooster Cogburn,"After a band of drunken thugs overruns a small Indian Nation town, killing Minister Goodnight and raping the women folk, Eula Goodnight enlists the aid of Marshal Cogburn to hunt them down and bring her father's killers to justice."
7171,Dodge City,"In this epic Western, Wade Hatton, a wagon master turned sheriff, tames a cow town at the end of a railroad line."
7204,Dudley Do-Right,"Based on the 60's-era cartoon of the same name. Royal Canadian Mountie Dudley Do-right is busy keeping the peace in his small mountain town when his old rival, Snidely Whiplash, comes up with a plot to buy all the property in town, then start a phony gold rush by seeding the river with gold nuggets. Can this well-meaning (though completely incompetent) Mountie stop Whiplash's evil plan?"
7221,The Scratch,"Jake, a rookie private eye, spends each day minding a small private investigation office and filing papers..."
7222,Robbie Williams: Live at the Albert,"Experience the triumphs, the tears, the traumas and the trousers when Robert Peter Williams blows into London Town for one night only. Rub shoulder pads with a star-studded audience as Mr Success and his 58 piece orchestra serenade you with the songs that make the young girls crazy. Recorded on 10th October 2001 in the Royal Albert Hall."
7245,San Antonio,"Rancher Clay Hardin arrives in San Antonio to search for and capture Roy Stuart, notorious leader of a gang of cattle rustlers. The vicious outlaw is indeed in the Texan town, intent on winning the affections of a beautiful chanteuse named Jeanne Starr. When the lovely lady meets and falls in love with the charismatic Hardin, the stakes for both men become higher."
7276,Because of Winn-Dixie,"A girl, abandoned by her mother when she was three, moves to a small town in Florida with her father. There, she adopts an orphaned dog she names Winn-Dixie. The bond between the girl and her special companion brings together the people in a small Florida town and heals her own troubled relationship with her father."
7285,Silver Bullet,"The small city of Tarker's Mill is startled by a series of sadistic murders. The population fears that this is the work of a maniac. During a search a mysterious, hairy creature is observed. This strange appearance is noticed once a month. People lock themselves up at night, but there's one boy who's still outside, he's preparing the barbecue."
7325,Leprechaun 2,"A thousand years ago, the Leprechaun left a bloody trail when he ripped through the countryside in search of his stolen gold. Now he's back in the big city using all of his deadly tricks to snare the girl of his nightmares. His bloody quest becomes more deadly when her boyfriend steals one of the Leprechaun's gold coins. The town soon discovers two dead bodies and a trail of gold dust leads them to the Leprechaun's lair."
7344,Ogre,A vicious Ogre rules over a town that has been stuck in time since the 1800's.
7380,American Zombie,Documents the daily lives of a small community of the living deceased who make their home in Los Angeles.
7415,Automaton Transfusion,"Three teens find themselves in a town over run with zombies. Deciding to fight back, they go on a punch you in the throat, action packed, non stop ride through the city, woods, and schools."
7437,Beneath Still Waters,"Studying under a disciple of Aleister Crowley, the leader of an upper class group invokes a supernatural force that slowly devours the village of Marienbad and its inhabitants, threatening to spread beyond its geographical limits. The mayor from the town nearby commissions the building of a dam which would flood the valley and therefore submerge the village forever sealing the evil force under water after leader and his followers were incapacitated to be kept from escaping. However, fate ensured the leader's freedom as he remained in the depths when the waters covered Marienbad. Now 40 years later an array of disappearances and deaths in mysterious circumstances are threatening the town next to the reservoir that now covers Marienbad."
7454,Lesbian Vampire Killers,"With their women having been enslaved by a pack of lesbian vampires, the remaining menfolk of a rural town send two hapless young lads out onto the moors as a sacrifice."
7457,The Secret Adventures of Tom Thumb,A boy born the size of a small doll is kidnapped by a genetic lab and must find a way back to his father in this inventive adventure filmed using stop motion animation techniques.
7476,Perkins' 14,"Ronald Perkins builds an army of 14 people brainwashed through cult-like methods to protect him from his parents' killers. When Perkins is imprisoned, the police unwittingly unleash his followers on a small town and they've only got one thing on their mind: ""Kill for Mr. Perkins."""
7481,Support Your Local Gunfighter,A con artist arrives in a mining town controlled by two competing companies. Both companies think he's a famous gunfighter and try to hire him to drive the other out of town.
7496,The Mailman,"A cunning psychopath with more than an axe to grind murders the kindly Mailman in a small, placid suburban town. Darius Foxx scarred for life as a young boy by seeing his parents brutally murdered, comes back to town as the new Mailman to torment his younger brother, Daniel, and Daniel's adopted family."
7514,Suddenly,"The tranquility of a small town is marred only by sheriff Tod Shaw's unsuccessful courtship of widow Ellen Benson, a pacifist who can't abide guns and those who use them. But violence descends on Ellen's household willy-nilly when the U.S. President passes through town... and slightly psycho hired assassin John Baron finds the Benson home ideal for an ambush."
7515,Something to Talk About,"Grace Bichon, who is managing her father's riding-stable, discovers that her husband Eddie is deceiving her with another woman. After confronting him in the middle of the night on the streets of their small home town, she decides to stay at her sister Emma Rae's house for a while to make up her mind. Breaking out of her everyday life, she starts to question the authority of everyone."
7524,Gummo,"Solomon and Tummler are two teenagers killing time in Xenia, Ohio, a small town that has never recovered from the tornado that ravaged the community in the 1970s."
7535,Crush,"Three 40-something women in a small English town meet weekly for a ritual of gin, cigarettes, and sweets -- and swapped stories arguing which of them has the most pathetic love life. Kate is headmistress at the local school; her best friends are the town's police chief and a cynical, thrice-divorced doctor."
7541,Decoys 2: Alien Seduction,"Sam, a college student in a small Northwestern town, reluctantly joins his roommates in a contest to see who can hook up with the most gorgeous co-eds by the end of the semester. But when men slowly start disappearing around town, he and his friends learn that when it comes to beautiful women, it's what's inside that really matters."
7567,The Sandlot 2,"A decade has passed in the small town where the original Sandlot gang banded together during the summer of ’62 to play baseball and battle the Beast. Now comes the sequel, a campy romp back to the dugout where nine new kids descend on the diamond only to discover that a descendant of the Beast lives in Mr. Mertle’s backyard--a monster of mythical proportions known as ""The Great Fear."""
7637,Gettin' It,"When a rumor spreads through the neighborhood that he's got more to offer than most men, an awkward virgin becomes popular beyond his wildest fantasies. Strippers, housewives and the town's most gorgeous eligible women throw themselves at him."
7651,Tickle Me,"Elvis is a singing rodeo rider who drifts into an expensive dude ranch patronized by wealthy glamour girls. The owner, Vera Radford, hires Elvis as a stable man. Pretty physical fitness trainer Pam Merritt has a letter from her late grandfather directing her to a cache of gold in the ghost town of Silverado. The sheriff and his gang learn of the letter and plot to take it away from her."
7690,The Far Country,"In 1896, Jeff Webster sees the start of the Klondike gold rush as a golden opportunity to make a fortune in beef...and woe betide anyone standing in his way! He drives a cattle herd from Wyoming to Seattle, by ship to Skagway, and (after a delay caused by larcenous town boss Gannon) through the mountains to Dawson. There, he and his partner Ben Tatum get into the gold business themselves. Two lovely women fall for misanthropic Jeff, but he believes in every-man-for-himself, turning his back on growing lawlessness...until it finally strikes home."
7793,FernGully 2: The Magical Rescue,"Pips wants to see more of the outside world. Batty arrives in a panic, announcing that two human poachers are right behind him. Poachers show up with their dogs and promptly capture the three baby animals. Pips and the Beetle Boys volunteer to follow the humans to town and rescue the babies, convincing Batty to be their guide."
7801,The 3 Worlds of Gulliver,"Doctor Gulliver is poor, so nothing - not even his charming fiancée Elisabeth - keeps him in the town he lives. He signs on to a ship to India, but in a storm he's washed off the ship and ends up on an island, which is inhibitated by very tiny people. After he managed to convince them he's harmless and is accepted as one of their citizens, their king wants to use him in war against a people of giants. Compared to them, even Gulliver is a gnome."
7825,Rustlers' Rhapsody,"While the audience watches a black and white horse opera, a narrator's voice wonders what such a movie would be like today. Rex O'Herlehan, The Singing Cowboy, finds himself in color and enters a cliche ridden town, in which the evil cattle baron (Andy Griffith) and the new Italian cowboys (who always wear raincoats no matter how hot it gets) join forces to get him and the sheep ranchers to leave."
7862,Sordid Lives,"""Sordid Lives"" is about a family in a small Texas town preparing for the funeral of the mother. Among the characters are the grandson trying to find his identity in West Hollywood, the son who has spent the past twenty-three years dressed as Tammy Wynette, the sister and her best friend (who live in delightfully kitschy homes), and the two daughters (one strait-laced and one quite a bit of a loser)."
7869,Breaker! Breaker!,"Truck driver searches for his brother, who has disappeared in a town run by a corrupt judge."
7896,Graveyard Shift,"John Hall is a drifter who wanders into a small town in Maine. He needs a job and decides to seek employment at the community's top business: a large textile mill. He is hired to work the ""graveyard shift"" -- from around midnight to dawn -- and, along with a few others, he is charged with cleaning out the basement. This task strikes the workers as simple enough, but then, as they proceed deeper underground, they encounter an unspeakable monstrosity intent on devouring them all."
7971,Tortilla Heaven,"Isidor's Tortilla Heaven is the best restaurant in New Mexico maybe even the world. But though his tortillas are scrumptious, his enchiladas divine, Isidor has never made a dime. Why? He lives in Falfurrias, population 73. One Sunday, while all the town, including his wife and son, are piously praying mass, a miracle occurs. Upon one of his famous, hand-made tortillas appears the face of Jesus Christ."
7996,Josie and the Pussycats,"Josie, Melody and Val are three small-town girl musicians determined to take their rock band out of their garage and straight to the top, while remaining true to their look, style and sound. They get a record deal which brings fame and fortune but soon realize they are pawns of two people who want to control the youth of America. They must clear their names, even if it means losing fame and fortune."
8004,White Sands,"A small southwestern town sheriff finds a body in the desert with a suitcase and $500,000. He impersonates the man and stumbles into an FBI investigation."
8011,Dog Days of Summer,A mysterious drifter lures two boys into uncovering the secrets of a sleepy southern town.
8039,It Came from Outer Space,"Author & amateur astronomer John Putnam and schoolteacher Ellen Fields witness an enormous meteorite come down near a small town in Arizona, but Putnam becomes a local object of scorn when, after examining the object up close, he announces that it is a spacecraft, and that it is inhabited..."
8046,Salem Witch Trials,The film recounts the sobering tale of how 19 innocent lives were taken in a community experiencing paranoid hysteria regarding the suspected - but unproved - presence of the occult in the small New England town.
8069,Elvis & Anabelle,A small-town beauty queen and an unlicensed mortician set out across the Texas plains on a journey of self-discovery.
8206,Aces 'N' Eights,"Already taking a gamble settling in the uncharted west, the peaceful settlers of a town destined for railroad greatness suddenly find themselves being ruthlessly gunned down. With no law and order to be found, justice falls onto the shoulders of an elderly rancher and an accomplished, but retired, gunslinger."
